offense,subtype,prior,current,reported_pct
HOMICIDE,,1,0,-100.0
RAPE,,5,6,20.0
COMMERCIAL ROBBERY,,29,15,-48.0
COMMERCIAL ROBBERY,GUN,11,5,-55.0
COMMERCIAL ROBBERY,KNIFE,5,2,-60.0
COMMERCIAL ROBBERY,OTHER WEAPON,3,1,-67.0
COMMERCIAL ROBBERY,STRONG ARM,10,7,-30.0
CITIZEN ROBBERY,,43,31,-28.0
CITIZEN ROBBERY,GUN,28,8,-71.0
CITIZEN ROBBERY,KNIFE,5,3,-40.0
CITIZEN ROBBERY,OTHER WEAPON,0,2,200.0
CITIZEN ROBBERY,STRONG ARM,10,18,80.0
CARJACKING,,4,4,0.0
ASSAULT,,143,132,-8.0
ASSAULT,GUN,15,9,-40.0
ASSAULT,KNIFE,4,13,225.0
ASSAULT,OTHER WEAPON,16,10,-38.0
ASSAULT,NO WEAPON,108,100,-7.0
SUBTOTAL_PERSONS,,225,188,-16.0
B & E RESIDENTIAL,,25,27,8.0
B & E RESIDENTIAL,HOMES,18,21,17.0
B & E RESIDENTIAL,OUTBUILDINGS,7,6,-14.0
B & E COMMERCIAL,,38,36,-5.0
STOLEN VEHICLE,,158,116,-27.0
THEFT,,465,596,28.0
ARSON,,0,2,200.0
SUBTOTAL_PROPERTY,,686,777,13.27
TOTAL,,911,965,5.93
CALLS_FOR_SERVICE,,21612,22089,2.21
