data_year,offense,subtype,ward_1,ward_2,ward_3,ward_4,ward_5,total
2025,HOMICIDE,,0,0,0,0,0,0
2025,RAPE,,0,2,1,1,2,6
2025,COMMERCIAL ROBBERY,,2,0,12,0,1,15
2025,COMMERCIAL ROBBERY,GUN,1,0,4,0,0,5
2025,COMMERCIAL ROBBERY,KNIFE,0,0,2,0,0,2
2025,COMMERCIAL ROBBERY,OTHER WEAPON,0,0,1,0,0,1
2025,COMMERCIAL ROBBERY,STRONG ARM,1,0,5,0,1,7
2025,CITIZEN ROBBERY,,3,2,14,4,8,31
2025,CITIZEN ROBBERY,GUN,0,1,3,1,3,8
2025,CITIZEN ROBBERY,KNIFE,0,0,1,1,1,3
2025,CITIZEN ROBBERY,OTHER WEAPON,0,0,1,0,1,2
2025,CITIZEN ROBBERY,STRONG ARM,3,1,9,2,3,18
2025,CARJACKING,,1,1,0,1,1,4
2025,ASSAULT,,16,17,60,14,25,132
2025,ASSAULT,GUN,1,3,4,1,0,9
2025,ASSAULT,KNIFE,3,1,3,1,5,13
2025,ASSAULT,OTHER WEAPON,1,3,2,1,3,10
2025,ASSAULT,NO WEAPON,11,10,51,11,17,100
2025,B & E RESIDENTIAL,,4,5,3,8,7,27
2025,B & E RESIDENTIAL,HOMES,4,3,2,8,4,21
2025,B & E RESIDENTIAL,OUTBUILDINGS,0,2,1,0,3,6
2025,B & E COMMERCIAL,,9,4,17,1,5,36
2025,STOLEN VEHICLE,,15,16,49,18,18,116
2025,THEFT,,56,58,408,32,42,596
2025,ARSON,,0,0,2,0,0,2
2025,TOTAL,,106,105,566,79,109,965
