year,ASSAULT,CARJACKING,CITIZEN ROBBERY,COMMERCIAL ROBBERY,HOMICIDE,RAPE,ARSON,B & E COMMERCIAL,B & E RESIDENTIAL,STOLEN VEHICLE,THEFT
2015,127,1,43,6,0,2,3,22,63,62,889
2016,125,3,75,2,1,3,0,17,63,65,878
2017,121,1,55,5,1,2,0,25,54,78,863
2018,85,1,48,1,0,3,0,14,35,60,818
2019,116,2,48,4,4,3,0,12,42,61,996
2020,100,9,40,4,1,3,1,25,47,68,662
2021,102,12,25,5,1,6,1,21,18,90,512
2022,148,13,34,4,4,7,2,39,22,116,536
2023,164,20,87,26,3,7,3,34,30,314,562
2024,143,4,43,29,1,5,0,38,25,158,464
2025,132,4,31,15,0,6,2,36,27,116,596
