year,measure,count,source_file,page
2015,ARRESTS_ADULT,654,2015 ANNUAL STATISTICS.pdf,4
2015,ARRESTS_JUVENILE,123,2015 ANNUAL STATISTICS.pdf,4
2015,ARRESTS_TOTAL,777,2015 ANNUAL STATISTICS.pdf,4
2015,CANINE_ACTIVITY_REPORTS,53,2015 ANNUAL STATISTICS.pdf,4
2015,CITATIONS_PARKING,1680,2015 ANNUAL STATISTICS.pdf,4
2015,CITATIONS_STATE,3777,2015 ANNUAL STATISTICS.pdf,4
2015,CITATIONS_TOTAL,5457,2015 ANNUAL STATISTICS.pdf,4
2015,DUI_ARRESTS,41,2015 ANNUAL STATISTICS.pdf,4
2015,RED_LIGHT_CITATIONS,4918,2015 ANNUAL STATISTICS.pdf,4
2015,SPEED_CAMERA_CITATIONS,13590,2015 ANNUAL STATISTICS.pdf,4
2016,ARRESTS_ADULT,532,2016 Annual Statistics.pdf,4
2016,ARRESTS_JUVENILE,77,2016 Annual Statistics.pdf,4
2016,ARRESTS_TOTAL,609,2016 Annual Statistics.pdf,4
2016,CANINE_ACTIVITY_REPORTS,69,2016 Annual Statistics.pdf,4
2016,CITATIONS_PARKING,816,2016 Annual Statistics.pdf,4
2016,CITATIONS_STATE,2732,2016 Annual Statistics.pdf,4
2016,CITATIONS_TOTAL,3548,2016 Annual Statistics.pdf,4
2016,DUI_ARRESTS,23,2016 Annual Statistics.pdf,4
2016,RED_LIGHT_CITATIONS,3828,2016 Annual Statistics.pdf,4
2016,SPEED_CAMERA_CITATIONS,16482,2016 Annual Statistics.pdf,4
2017,ARRESTS_ADULT,735,2017 Annual Statistics.pdf,4
2017,ARRESTS_JUVENILE,80,2017 Annual Statistics.pdf,4
2017,ARRESTS_TOTAL,815,2017 Annual Statistics.pdf,4
2017,CANINE_ACTIVITY_REPORTS,52,2017 Annual Statistics.pdf,4
2017,CITATIONS_PARKING,908,2017 Annual Statistics.pdf,4
2017,CITATIONS_STATE,5501,2017 Annual Statistics.pdf,4
2017,CITATIONS_TOTAL,6409,2017 Annual Statistics.pdf,4
2017,DUI_ARRESTS,50,2017 Annual Statistics.pdf,4
2017,RED_LIGHT_CITATIONS,3667,2017 Annual Statistics.pdf,4
2017,SPEED_CAMERA_CITATIONS,24537,2017 Annual Statistics.pdf,4
2018,ARRESTS_ADULT,796,2018 Annual Statistics.pdf,4
2018,ARRESTS_JUVENILE,54,2018 Annual Statistics.pdf,4
2018,ARRESTS_TOTAL,850,2018 Annual Statistics.pdf,4
2018,CANINE_ACTIVITY_REPORTS,70,2018 Annual Statistics.pdf,4
2018,CITATIONS_PARKING,905,2018 Annual Statistics.pdf,4
2018,CITATIONS_STATE,6365,2018 Annual Statistics.pdf,4
2018,CITATIONS_TOTAL,7270,2018 Annual Statistics.pdf,4
2018,DUI_ARRESTS,41,2018 Annual Statistics.pdf,4
2018,RED_LIGHT_CITATIONS,4793,2018 Annual Statistics.pdf,4
2018,SPEED_CAMERA_CITATIONS,19366,2018 Annual Statistics.pdf,4
2019,ARRESTS_ADULT,688,2019 Annual Statistics.pdf,5
2019,ARRESTS_JUVENILE,93,2019 Annual Statistics.pdf,5
2019,ARRESTS_TOTAL,781,2019 Annual Statistics.pdf,5
2019,CANINE_ACTIVITY_REPORTS,83,2019 Annual Statistics.pdf,5
2019,CITATIONS_PARKING,707,2019 Annual Statistics.pdf,5
2019,CITATIONS_STATE,3910,2019 Annual Statistics.pdf,5
2019,CITATIONS_TOTAL,4617,2019 Annual Statistics.pdf,5
2019,DUI_ARRESTS,50,2019 Annual Statistics.pdf,5
2019,RED_LIGHT_CITATIONS,5248,2019 Annual Statistics.pdf,5
2019,SPEED_CAMERA_CITATIONS,17306,2019 Annual Statistics.pdf,5
2020,ARRESTS_ADULT,358,2020 Annual Statistics.pdf,4
2020,ARRESTS_JUVENILE,40,2020 Annual Statistics.pdf,4
2020,ARRESTS_TOTAL,398,2020 Annual Statistics.pdf,4
2020,CANINE_ACTIVITY_REPORTS,45,2020 Annual Statistics.pdf,4
2020,CITATIONS_PARKING,238,2020 Annual Statistics.pdf,4
2020,CITATIONS_STATE,1625,2020 Annual Statistics.pdf,4
2020,CITATIONS_TOTAL,1863,2020 Annual Statistics.pdf,4
2020,DUI_ARRESTS,45,2020 Annual Statistics.pdf,4
2020,RED_LIGHT_CITATIONS,4380,2020 Annual Statistics.pdf,4
2020,SPEED_CAMERA_CITATIONS,20395,2020 Annual Statistics.pdf,4
2021,ARRESTS_ADULT,241,2021 Annual Statistics.pdf,4
2021,ARRESTS_JUVENILE,24,2021 Annual Statistics.pdf,4
2021,ARRESTS_TOTAL,265,2021 Annual Statistics.pdf,4
2021,CANINE_ACTIVITY_REPORTS,16,2021 Annual Statistics.pdf,4
2021,CITATIONS_PARKING,145,2021 Annual Statistics.pdf,4
2021,CITATIONS_STATE,2099,2021 Annual Statistics.pdf,4
2021,CITATIONS_TOTAL,2244,2021 Annual Statistics.pdf,4
2021,DUI_ARRESTS,58,2021 Annual Statistics.pdf,4
2021,RED_LIGHT_CITATIONS,6114,2021 Annual Statistics.pdf,4
2021,SPEED_CAMERA_CITATIONS,27827,2021 Annual Statistics.pdf,4
2022,ARRESTS_ADULT,300,2022 ANNUAL STATISTICS.pdf,3
2022,ARRESTS_JUVENILE,18,2022 ANNUAL STATISTICS.pdf,3
2022,ARRESTS_TOTAL,318,2022 ANNUAL STATISTICS.pdf,3
2022,CANINE_ACTIVITY_REPORTS,12,2022 ANNUAL STATISTICS.pdf,3
2022,CITATIONS_PARKING,218,2022 ANNUAL STATISTICS.pdf,3
2022,CITATIONS_STATE,3690,2022 ANNUAL STATISTICS.pdf,3
2022,CITATIONS_TOTAL,3908,2022 ANNUAL STATISTICS.pdf,3
2022,DUI_ARRESTS,60,2022 ANNUAL STATISTICS.pdf,3
2022,RED_LIGHT_CITATIONS,5958,2022 ANNUAL STATISTICS.pdf,3
2022,SPEED_CAMERA_CITATIONS,13373,2022 ANNUAL STATISTICS.pdf,3
2023,ARRESTS_ADULT,306,2023.Annual.pdf,2
2023,ARRESTS_JUVENILE,43,2023.Annual.pdf,2
2023,ARRESTS_TOTAL,349,2023.Annual.pdf,2
2023,CANINE_ACTIVITY_REPORTS,24,2023.Annual.pdf,2
2023,CITATIONS_PARKING,75,2023.Annual.pdf,2
2023,CITATIONS_STATE,2492,2023.Annual.pdf,2
2023,CITATIONS_TOTAL,2567,2023.Annual.pdf,2
2023,DUI_ARRESTS,58,2023.Annual.pdf,2
2023,RED_LIGHT_CITATIONS,6388,2023.Annual.pdf,2
2023,SPEED_CAMERA_CITATIONS,9705,2023.Annual.pdf,2
2024,ARRESTS_ADULT,351,2024.Annual.pdf,2
2024,ARRESTS_JUVENILE,42,2024.Annual.pdf,2
2024,ARRESTS_TOTAL,393,2024.Annual.pdf,2
2024,CANINE_ACTIVITY_REPORTS,4,2024.Annual.pdf,2
2024,CITATIONS_PARKING,164,2024.Annual.pdf,2
2024,CITATIONS_STATE,3239,2024.Annual.pdf,2
2024,CITATIONS_TOTAL,3403,2024.Annual.pdf,2
2024,DUI_ARRESTS,79,2024.Annual.pdf,2
2024,RED_LIGHT_CITATIONS,7155,2024.Annual.pdf,2
2024,SPEED_CAMERA_CITATIONS,4612,2024.Annual.pdf,2
2025,ARRESTS_ADULT,422,2025.Annual.pdf,3
2025,ARRESTS_JUVENILE,53,2025.Annual.pdf,3
2025,ARRESTS_TOTAL,475,2025.Annual.pdf,3
2025,CANINE_ACTIVITY_REPORTS,8,2025.Annual.pdf,3
2025,CITATIONS_PARKING,235,2025.Annual.pdf,3
2025,CITATIONS_STATE,4112,2025.Annual.pdf,3
2025,CITATIONS_TOTAL,4347,2025.Annual.pdf,3
2025,DUI_ARRESTS,111,2025.Annual.pdf,3
2025,RED_LIGHT_CITATIONS,5451,2025.Annual.pdf,3
2025,SPEED_CAMERA_CITATIONS,2070,2025.Annual.pdf,3
