year,geography,category,offense,subtype,count,source_file,page
2015,citywide,persons,HOMICIDE,,0,2015 ANNUAL STATISTICS.pdf,1
2015,citywide,persons,RAPE,,2,2015 ANNUAL STATISTICS.pdf,1
2015,citywide,persons,COMMERCIAL ROBBERY,,6,2015 ANNUAL STATISTICS.pdf,1
2015,citywide,persons,COMMERCIAL ROBBERY,GUN,5,2015 ANNUAL STATISTICS.pdf,1
2015,citywide,persons,COMMERCIAL ROBBERY,KNIFE,0,2015 ANNUAL STATISTICS.pdf,1
2015,citywide,persons,COMMERCIAL ROBBERY,OTHER WEAPON,1,2015 ANNUAL STATISTICS.pdf,1
2015,citywide,persons,COMMERCIAL ROBBERY,STRONG ARM,0,2015 ANNUAL STATISTICS.pdf,1
2015,citywide,persons,CITIZEN ROBBERY,,43,2015 ANNUAL STATISTICS.pdf,1
2015,citywide,persons,CITIZEN ROBBERY,GUN,16,2015 ANNUAL STATISTICS.pdf,1
2015,citywide,persons,CITIZEN ROBBERY,KNIFE,4,2015 ANNUAL STATISTICS.pdf,1
2015,citywide,persons,CITIZEN ROBBERY,OTHER WEAPON,4,2015 ANNUAL STATISTICS.pdf,1
2015,citywide,persons,CITIZEN ROBBERY,STRONG ARM,18,2015 ANNUAL STATISTICS.pdf,1
2015,citywide,persons,CARJACKING,,1,2015 ANNUAL STATISTICS.pdf,1
2015,citywide,persons,ASSAULT,,127,2015 ANNUAL STATISTICS.pdf,1
2015,citywide,persons,ASSAULT,GUN,4,2015 ANNUAL STATISTICS.pdf,1
2015,citywide,persons,ASSAULT,KNIFE,18,2015 ANNUAL STATISTICS.pdf,1
2015,citywide,persons,ASSAULT,OTHER WEAPON,11,2015 ANNUAL STATISTICS.pdf,1
2015,citywide,persons,ASSAULT,NO WEAPON,94,2015 ANNUAL STATISTICS.pdf,1
2015,citywide,property,B & E RESIDENTIAL,,63,2015 ANNUAL STATISTICS.pdf,1
2015,citywide,property,B & E RESIDENTIAL,HOMES,61,2015 ANNUAL STATISTICS.pdf,1
2015,citywide,property,B & E RESIDENTIAL,OUTBUILDINGS,2,2015 ANNUAL STATISTICS.pdf,1
2015,citywide,property,B & E COMMERCIAL,,22,2015 ANNUAL STATISTICS.pdf,1
2015,citywide,property,STOLEN VEHICLE,,62,2015 ANNUAL STATISTICS.pdf,1
2015,citywide,property,THEFT,,889,2015 ANNUAL STATISTICS.pdf,1
2015,citywide,property,ARSON,,3,2015 ANNUAL STATISTICS.pdf,1
2015,ward_1,persons,HOMICIDE,,0,2015 ANNUAL STATISTICS.pdf,3
2015,ward_1,persons,RAPE,,0,2015 ANNUAL STATISTICS.pdf,3
2015,ward_1,persons,COMMERCIAL ROBBERY,,0,2015 ANNUAL STATISTICS.pdf,3
2015,ward_1,persons,COMMERCIAL ROBBERY,GUN,0,2015 ANNUAL STATISTICS.pdf,3
2015,ward_1,persons,COMMERCIAL ROBBERY,KNIFE,0,2015 ANNUAL STATISTICS.pdf,3
2015,ward_1,persons,COMMERCIAL ROBBERY,OTHER WEAPON,0,2015 ANNUAL STATISTICS.pdf,3
2015,ward_1,persons,COMMERCIAL ROBBERY,STRONG ARM,0,2015 ANNUAL STATISTICS.pdf,3
2015,ward_1,persons,CITIZEN ROBBERY,,4,2015 ANNUAL STATISTICS.pdf,3
2015,ward_1,persons,CITIZEN ROBBERY,GUN,3,2015 ANNUAL STATISTICS.pdf,3
2015,ward_1,persons,CITIZEN ROBBERY,KNIFE,0,2015 ANNUAL STATISTICS.pdf,3
2015,ward_1,persons,CITIZEN ROBBERY,OTHER WEAPON,0,2015 ANNUAL STATISTICS.pdf,3
2015,ward_1,persons,CITIZEN ROBBERY,STRONG ARM,1,2015 ANNUAL STATISTICS.pdf,3
2015,ward_1,persons,CARJACKING,,0,2015 ANNUAL STATISTICS.pdf,3
2015,ward_1,persons,ASSAULT,,26,2015 ANNUAL STATISTICS.pdf,3
2015,ward_1,persons,ASSAULT,GUN,0,2015 ANNUAL STATISTICS.pdf,3
2015,ward_1,persons,ASSAULT,KNIFE,5,2015 ANNUAL STATISTICS.pdf,3
2015,ward_1,persons,ASSAULT,OTHER WEAPON,4,2015 ANNUAL STATISTICS.pdf,3
2015,ward_1,persons,ASSAULT,NO WEAPON,17,2015 ANNUAL STATISTICS.pdf,3
2015,ward_1,property,B & E RESIDENTIAL,,11,2015 ANNUAL STATISTICS.pdf,3
2015,ward_1,property,B & E RESIDENTIAL,HOMES,9,2015 ANNUAL STATISTICS.pdf,3
2015,ward_1,property,B & E RESIDENTIAL,OUTBUILDINGS,2,2015 ANNUAL STATISTICS.pdf,3
2015,ward_1,property,B & E COMMERCIAL,,9,2015 ANNUAL STATISTICS.pdf,3
2015,ward_1,property,STOLEN VEHICLE,,8,2015 ANNUAL STATISTICS.pdf,3
2015,ward_1,property,THEFT,,91,2015 ANNUAL STATISTICS.pdf,3
2015,ward_1,property,ARSON,,1,2015 ANNUAL STATISTICS.pdf,3
2015,ward_2,persons,HOMICIDE,,0,2015 ANNUAL STATISTICS.pdf,3
2015,ward_2,persons,RAPE,,0,2015 ANNUAL STATISTICS.pdf,3
2015,ward_2,persons,COMMERCIAL ROBBERY,,0,2015 ANNUAL STATISTICS.pdf,3
2015,ward_2,persons,COMMERCIAL ROBBERY,GUN,0,2015 ANNUAL STATISTICS.pdf,3
2015,ward_2,persons,COMMERCIAL ROBBERY,KNIFE,0,2015 ANNUAL STATISTICS.pdf,3
2015,ward_2,persons,COMMERCIAL ROBBERY,OTHER WEAPON,0,2015 ANNUAL STATISTICS.pdf,3
2015,ward_2,persons,COMMERCIAL ROBBERY,STRONG ARM,0,2015 ANNUAL STATISTICS.pdf,3
2015,ward_2,persons,CITIZEN ROBBERY,,4,2015 ANNUAL STATISTICS.pdf,3
2015,ward_2,persons,CITIZEN ROBBERY,GUN,3,2015 ANNUAL STATISTICS.pdf,3
2015,ward_2,persons,CITIZEN ROBBERY,KNIFE,0,2015 ANNUAL STATISTICS.pdf,3
2015,ward_2,persons,CITIZEN ROBBERY,OTHER WEAPON,0,2015 ANNUAL STATISTICS.pdf,3
2015,ward_2,persons,CITIZEN ROBBERY,STRONG ARM,1,2015 ANNUAL STATISTICS.pdf,3
2015,ward_2,persons,CARJACKING,,0,2015 ANNUAL STATISTICS.pdf,3
2015,ward_2,persons,ASSAULT,,11,2015 ANNUAL STATISTICS.pdf,3
2015,ward_2,persons,ASSAULT,GUN,1,2015 ANNUAL STATISTICS.pdf,3
2015,ward_2,persons,ASSAULT,KNIFE,1,2015 ANNUAL STATISTICS.pdf,3
2015,ward_2,persons,ASSAULT,OTHER WEAPON,0,2015 ANNUAL STATISTICS.pdf,3
2015,ward_2,persons,ASSAULT,NO WEAPON,9,2015 ANNUAL STATISTICS.pdf,3
2015,ward_2,property,B & E RESIDENTIAL,,11,2015 ANNUAL STATISTICS.pdf,3
2015,ward_2,property,B & E RESIDENTIAL,HOMES,11,2015 ANNUAL STATISTICS.pdf,3
2015,ward_2,property,B & E RESIDENTIAL,OUTBUILDINGS,0,2015 ANNUAL STATISTICS.pdf,3
2015,ward_2,property,B & E COMMERCIAL,,3,2015 ANNUAL STATISTICS.pdf,3
2015,ward_2,property,STOLEN VEHICLE,,7,2015 ANNUAL STATISTICS.pdf,3
2015,ward_2,property,THEFT,,32,2015 ANNUAL STATISTICS.pdf,3
2015,ward_2,property,ARSON,,0,2015 ANNUAL STATISTICS.pdf,3
2015,ward_3,persons,HOMICIDE,,0,2015 ANNUAL STATISTICS.pdf,3
2015,ward_3,persons,RAPE,,1,2015 ANNUAL STATISTICS.pdf,3
2015,ward_3,persons,COMMERCIAL ROBBERY,,1,2015 ANNUAL STATISTICS.pdf,3
2015,ward_3,persons,COMMERCIAL ROBBERY,GUN,1,2015 ANNUAL STATISTICS.pdf,3
2015,ward_3,persons,COMMERCIAL ROBBERY,KNIFE,0,2015 ANNUAL STATISTICS.pdf,3
2015,ward_3,persons,COMMERCIAL ROBBERY,OTHER WEAPON,0,2015 ANNUAL STATISTICS.pdf,3
2015,ward_3,persons,COMMERCIAL ROBBERY,STRONG ARM,0,2015 ANNUAL STATISTICS.pdf,3
2015,ward_3,persons,CITIZEN ROBBERY,,15,2015 ANNUAL STATISTICS.pdf,3
2015,ward_3,persons,CITIZEN ROBBERY,GUN,3,2015 ANNUAL STATISTICS.pdf,3
2015,ward_3,persons,CITIZEN ROBBERY,KNIFE,0,2015 ANNUAL STATISTICS.pdf,3
2015,ward_3,persons,CITIZEN ROBBERY,OTHER WEAPON,2,2015 ANNUAL STATISTICS.pdf,3
2015,ward_3,persons,CITIZEN ROBBERY,STRONG ARM,9,2015 ANNUAL STATISTICS.pdf,3
2015,ward_3,persons,CARJACKING,,1,2015 ANNUAL STATISTICS.pdf,3
2015,ward_3,persons,ASSAULT,,38,2015 ANNUAL STATISTICS.pdf,3
2015,ward_3,persons,ASSAULT,GUN,0,2015 ANNUAL STATISTICS.pdf,3
2015,ward_3,persons,ASSAULT,KNIFE,4,2015 ANNUAL STATISTICS.pdf,3
2015,ward_3,persons,ASSAULT,OTHER WEAPON,3,2015 ANNUAL STATISTICS.pdf,3
2015,ward_3,persons,ASSAULT,NO WEAPON,31,2015 ANNUAL STATISTICS.pdf,3
2015,ward_3,property,B & E RESIDENTIAL,,10,2015 ANNUAL STATISTICS.pdf,3
2015,ward_3,property,B & E RESIDENTIAL,HOMES,10,2015 ANNUAL STATISTICS.pdf,3
2015,ward_3,property,B & E RESIDENTIAL,OUTBUILDINGS,0,2015 ANNUAL STATISTICS.pdf,3
2015,ward_3,property,B & E COMMERCIAL,,4,2015 ANNUAL STATISTICS.pdf,3
2015,ward_3,property,STOLEN VEHICLE,,10,2015 ANNUAL STATISTICS.pdf,3
2015,ward_3,property,THEFT,,661,2015 ANNUAL STATISTICS.pdf,3
2015,ward_3,property,ARSON,,1,2015 ANNUAL STATISTICS.pdf,3
2015,ward_4,persons,HOMICIDE,,0,2015 ANNUAL STATISTICS.pdf,3
2015,ward_4,persons,RAPE,,0,2015 ANNUAL STATISTICS.pdf,3
2015,ward_4,persons,COMMERCIAL ROBBERY,,0,2015 ANNUAL STATISTICS.pdf,3
2015,ward_4,persons,COMMERCIAL ROBBERY,GUN,0,2015 ANNUAL STATISTICS.pdf,3
2015,ward_4,persons,COMMERCIAL ROBBERY,KNIFE,0,2015 ANNUAL STATISTICS.pdf,3
2015,ward_4,persons,COMMERCIAL ROBBERY,OTHER WEAPON,0,2015 ANNUAL STATISTICS.pdf,3
2015,ward_4,persons,COMMERCIAL ROBBERY,STRONG ARM,0,2015 ANNUAL STATISTICS.pdf,3
2015,ward_4,persons,CITIZEN ROBBERY,,9,2015 ANNUAL STATISTICS.pdf,3
2015,ward_4,persons,CITIZEN ROBBERY,GUN,4,2015 ANNUAL STATISTICS.pdf,3
2015,ward_4,persons,CITIZEN ROBBERY,KNIFE,2,2015 ANNUAL STATISTICS.pdf,3
2015,ward_4,persons,CITIZEN ROBBERY,OTHER WEAPON,1,2015 ANNUAL STATISTICS.pdf,3
2015,ward_4,persons,CITIZEN ROBBERY,STRONG ARM,2,2015 ANNUAL STATISTICS.pdf,3
2015,ward_4,persons,CARJACKING,,0,2015 ANNUAL STATISTICS.pdf,3
2015,ward_4,persons,ASSAULT,,18,2015 ANNUAL STATISTICS.pdf,3
2015,ward_4,persons,ASSAULT,GUN,1,2015 ANNUAL STATISTICS.pdf,3
2015,ward_4,persons,ASSAULT,KNIFE,3,2015 ANNUAL STATISTICS.pdf,3
2015,ward_4,persons,ASSAULT,OTHER WEAPON,2,2015 ANNUAL STATISTICS.pdf,3
2015,ward_4,persons,ASSAULT,NO WEAPON,12,2015 ANNUAL STATISTICS.pdf,3
2015,ward_4,property,B & E RESIDENTIAL,,19,2015 ANNUAL STATISTICS.pdf,3
2015,ward_4,property,B & E RESIDENTIAL,HOMES,19,2015 ANNUAL STATISTICS.pdf,3
2015,ward_4,property,B & E RESIDENTIAL,OUTBUILDINGS,0,2015 ANNUAL STATISTICS.pdf,3
2015,ward_4,property,B & E COMMERCIAL,,4,2015 ANNUAL STATISTICS.pdf,3
2015,ward_4,property,STOLEN VEHICLE,,17,2015 ANNUAL STATISTICS.pdf,3
2015,ward_4,property,THEFT,,35,2015 ANNUAL STATISTICS.pdf,3
2015,ward_4,property,ARSON,,1,2015 ANNUAL STATISTICS.pdf,3
2015,ward_5,persons,HOMICIDE,,0,2015 ANNUAL STATISTICS.pdf,3
2015,ward_5,persons,RAPE,,1,2015 ANNUAL STATISTICS.pdf,3
2015,ward_5,persons,COMMERCIAL ROBBERY,,5,2015 ANNUAL STATISTICS.pdf,3
2015,ward_5,persons,COMMERCIAL ROBBERY,GUN,4,2015 ANNUAL STATISTICS.pdf,3
2015,ward_5,persons,COMMERCIAL ROBBERY,KNIFE,0,2015 ANNUAL STATISTICS.pdf,3
2015,ward_5,persons,COMMERCIAL ROBBERY,OTHER WEAPON,1,2015 ANNUAL STATISTICS.pdf,3
2015,ward_5,persons,COMMERCIAL ROBBERY,STRONG ARM,0,2015 ANNUAL STATISTICS.pdf,3
2015,ward_5,persons,CITIZEN ROBBERY,,11,2015 ANNUAL STATISTICS.pdf,3
2015,ward_5,persons,CITIZEN ROBBERY,GUN,3,2015 ANNUAL STATISTICS.pdf,3
2015,ward_5,persons,CITIZEN ROBBERY,KNIFE,2,2015 ANNUAL STATISTICS.pdf,3
2015,ward_5,persons,CITIZEN ROBBERY,OTHER WEAPON,1,2015 ANNUAL STATISTICS.pdf,3
2015,ward_5,persons,CITIZEN ROBBERY,STRONG ARM,5,2015 ANNUAL STATISTICS.pdf,3
2015,ward_5,persons,CARJACKING,,0,2015 ANNUAL STATISTICS.pdf,3
2015,ward_5,persons,ASSAULT,,34,2015 ANNUAL STATISTICS.pdf,3
2015,ward_5,persons,ASSAULT,GUN,2,2015 ANNUAL STATISTICS.pdf,3
2015,ward_5,persons,ASSAULT,KNIFE,5,2015 ANNUAL STATISTICS.pdf,3
2015,ward_5,persons,ASSAULT,OTHER WEAPON,2,2015 ANNUAL STATISTICS.pdf,3
2015,ward_5,persons,ASSAULT,NO WEAPON,25,2015 ANNUAL STATISTICS.pdf,3
2015,ward_5,property,B & E RESIDENTIAL,,12,2015 ANNUAL STATISTICS.pdf,3
2015,ward_5,property,B & E RESIDENTIAL,HOMES,12,2015 ANNUAL STATISTICS.pdf,3
2015,ward_5,property,B & E RESIDENTIAL,OUTBUILDINGS,0,2015 ANNUAL STATISTICS.pdf,3
2015,ward_5,property,B & E COMMERCIAL,,2,2015 ANNUAL STATISTICS.pdf,3
2015,ward_5,property,STOLEN VEHICLE,,20,2015 ANNUAL STATISTICS.pdf,3
2015,ward_5,property,THEFT,,70,2015 ANNUAL STATISTICS.pdf,3
2015,ward_5,property,ARSON,,0,2015 ANNUAL STATISTICS.pdf,3
2016,citywide,persons,HOMICIDE,,1,2016 Annual Statistics.pdf,1
2016,citywide,persons,RAPE,,3,2016 Annual Statistics.pdf,1
2016,citywide,persons,COMMERCIAL ROBBERY,,2,2016 Annual Statistics.pdf,1
2016,citywide,persons,COMMERCIAL ROBBERY,GUN,1,2016 Annual Statistics.pdf,1
2016,citywide,persons,COMMERCIAL ROBBERY,KNIFE,0,2016 Annual Statistics.pdf,1
2016,citywide,persons,COMMERCIAL ROBBERY,OTHER WEAPON,0,2016 Annual Statistics.pdf,1
2016,citywide,persons,COMMERCIAL ROBBERY,STRONG ARM,1,2016 Annual Statistics.pdf,1
2016,citywide,persons,CITIZEN ROBBERY,,75,2016 Annual Statistics.pdf,1
2016,citywide,persons,CITIZEN ROBBERY,GUN,31,2016 Annual Statistics.pdf,1
2016,citywide,persons,CITIZEN ROBBERY,KNIFE,7,2016 Annual Statistics.pdf,1
2016,citywide,persons,CITIZEN ROBBERY,OTHER WEAPON,0,2016 Annual Statistics.pdf,1
2016,citywide,persons,CITIZEN ROBBERY,STRONG ARM,37,2016 Annual Statistics.pdf,1
2016,citywide,persons,CARJACKING,,3,2016 Annual Statistics.pdf,1
2016,citywide,persons,ASSAULT,,125,2016 Annual Statistics.pdf,1
2016,citywide,persons,ASSAULT,GUN,5,2016 Annual Statistics.pdf,1
2016,citywide,persons,ASSAULT,KNIFE,18,2016 Annual Statistics.pdf,1
2016,citywide,persons,ASSAULT,OTHER WEAPON,6,2016 Annual Statistics.pdf,1
2016,citywide,persons,ASSAULT,NO WEAPON,96,2016 Annual Statistics.pdf,1
2016,citywide,property,B & E RESIDENTIAL,,63,2016 Annual Statistics.pdf,1
2016,citywide,property,B & E RESIDENTIAL,HOMES,58,2016 Annual Statistics.pdf,1
2016,citywide,property,B & E RESIDENTIAL,OUTBUILDINGS,5,2016 Annual Statistics.pdf,1
2016,citywide,property,B & E COMMERCIAL,,17,2016 Annual Statistics.pdf,1
2016,citywide,property,STOLEN VEHICLE,,65,2016 Annual Statistics.pdf,1
2016,citywide,property,THEFT,,878,2016 Annual Statistics.pdf,1
2016,citywide,property,ARSON,,0,2016 Annual Statistics.pdf,1
2016,ward_1,persons,HOMICIDE,,0,2016 Annual Statistics.pdf,3
2016,ward_1,persons,RAPE,,1,2016 Annual Statistics.pdf,3
2016,ward_1,persons,COMMERCIAL ROBBERY,,0,2016 Annual Statistics.pdf,3
2016,ward_1,persons,COMMERCIAL ROBBERY,GUN,0,2016 Annual Statistics.pdf,3
2016,ward_1,persons,COMMERCIAL ROBBERY,KNIFE,0,2016 Annual Statistics.pdf,3
2016,ward_1,persons,COMMERCIAL ROBBERY,OTHER WEAPON,0,2016 Annual Statistics.pdf,3
2016,ward_1,persons,COMMERCIAL ROBBERY,STRONG ARM,0,2016 Annual Statistics.pdf,3
2016,ward_1,persons,CITIZEN ROBBERY,,6,2016 Annual Statistics.pdf,3
2016,ward_1,persons,CITIZEN ROBBERY,GUN,3,2016 Annual Statistics.pdf,3
2016,ward_1,persons,CITIZEN ROBBERY,KNIFE,0,2016 Annual Statistics.pdf,3
2016,ward_1,persons,CITIZEN ROBBERY,OTHER WEAPON,0,2016 Annual Statistics.pdf,3
2016,ward_1,persons,CITIZEN ROBBERY,STRONG ARM,3,2016 Annual Statistics.pdf,3
2016,ward_1,persons,CARJACKING,,0,2016 Annual Statistics.pdf,3
2016,ward_1,persons,ASSAULT,,19,2016 Annual Statistics.pdf,3
2016,ward_1,persons,ASSAULT,GUN,1,2016 Annual Statistics.pdf,3
2016,ward_1,persons,ASSAULT,KNIFE,3,2016 Annual Statistics.pdf,3
2016,ward_1,persons,ASSAULT,OTHER WEAPON,2,2016 Annual Statistics.pdf,3
2016,ward_1,persons,ASSAULT,NO WEAPON,13,2016 Annual Statistics.pdf,3
2016,ward_1,property,B & E RESIDENTIAL,,16,2016 Annual Statistics.pdf,3
2016,ward_1,property,B & E RESIDENTIAL,HOMES,11,2016 Annual Statistics.pdf,3
2016,ward_1,property,B & E RESIDENTIAL,OUTBUILDINGS,5,2016 Annual Statistics.pdf,3
2016,ward_1,property,B & E COMMERCIAL,,8,2016 Annual Statistics.pdf,3
2016,ward_1,property,STOLEN VEHICLE,,10,2016 Annual Statistics.pdf,3
2016,ward_1,property,THEFT,,103,2016 Annual Statistics.pdf,3
2016,ward_1,property,ARSON,,0,2016 Annual Statistics.pdf,3
2016,ward_2,persons,HOMICIDE,,0,2016 Annual Statistics.pdf,3
2016,ward_2,persons,RAPE,,0,2016 Annual Statistics.pdf,3
2016,ward_2,persons,COMMERCIAL ROBBERY,,1,2016 Annual Statistics.pdf,3
2016,ward_2,persons,COMMERCIAL ROBBERY,GUN,1,2016 Annual Statistics.pdf,3
2016,ward_2,persons,COMMERCIAL ROBBERY,KNIFE,0,2016 Annual Statistics.pdf,3
2016,ward_2,persons,COMMERCIAL ROBBERY,OTHER WEAPON,0,2016 Annual Statistics.pdf,3
2016,ward_2,persons,COMMERCIAL ROBBERY,STRONG ARM,0,2016 Annual Statistics.pdf,3
2016,ward_2,persons,CITIZEN ROBBERY,,4,2016 Annual Statistics.pdf,3
2016,ward_2,persons,CITIZEN ROBBERY,GUN,2,2016 Annual Statistics.pdf,3
2016,ward_2,persons,CITIZEN ROBBERY,KNIFE,0,2016 Annual Statistics.pdf,3
2016,ward_2,persons,CITIZEN ROBBERY,OTHER WEAPON,0,2016 Annual Statistics.pdf,3
2016,ward_2,persons,CITIZEN ROBBERY,STRONG ARM,2,2016 Annual Statistics.pdf,3
2016,ward_2,persons,CARJACKING,,0,2016 Annual Statistics.pdf,3
2016,ward_2,persons,ASSAULT,,15,2016 Annual Statistics.pdf,3
2016,ward_2,persons,ASSAULT,GUN,0,2016 Annual Statistics.pdf,3
2016,ward_2,persons,ASSAULT,KNIFE,3,2016 Annual Statistics.pdf,3
2016,ward_2,persons,ASSAULT,OTHER WEAPON,1,2016 Annual Statistics.pdf,3
2016,ward_2,persons,ASSAULT,NO WEAPON,11,2016 Annual Statistics.pdf,3
2016,ward_2,property,B & E RESIDENTIAL,,8,2016 Annual Statistics.pdf,3
2016,ward_2,property,B & E RESIDENTIAL,HOMES,8,2016 Annual Statistics.pdf,3
2016,ward_2,property,B & E RESIDENTIAL,OUTBUILDINGS,0,2016 Annual Statistics.pdf,3
2016,ward_2,property,B & E COMMERCIAL,,0,2016 Annual Statistics.pdf,3
2016,ward_2,property,STOLEN VEHICLE,,5,2016 Annual Statistics.pdf,3
2016,ward_2,property,THEFT,,34,2016 Annual Statistics.pdf,3
2016,ward_2,property,ARSON,,0,2016 Annual Statistics.pdf,3
2016,ward_3,persons,HOMICIDE,,0,2016 Annual Statistics.pdf,3
2016,ward_3,persons,RAPE,,1,2016 Annual Statistics.pdf,3
2016,ward_3,persons,COMMERCIAL ROBBERY,,1,2016 Annual Statistics.pdf,3
2016,ward_3,persons,COMMERCIAL ROBBERY,GUN,0,2016 Annual Statistics.pdf,3
2016,ward_3,persons,COMMERCIAL ROBBERY,KNIFE,0,2016 Annual Statistics.pdf,3
2016,ward_3,persons,COMMERCIAL ROBBERY,OTHER WEAPON,0,2016 Annual Statistics.pdf,3
2016,ward_3,persons,COMMERCIAL ROBBERY,STRONG ARM,1,2016 Annual Statistics.pdf,3
2016,ward_3,persons,CITIZEN ROBBERY,,26,2016 Annual Statistics.pdf,3
2016,ward_3,persons,CITIZEN ROBBERY,GUN,10,2016 Annual Statistics.pdf,3
2016,ward_3,persons,CITIZEN ROBBERY,KNIFE,3,2016 Annual Statistics.pdf,3
2016,ward_3,persons,CITIZEN ROBBERY,OTHER WEAPON,0,2016 Annual Statistics.pdf,3
2016,ward_3,persons,CITIZEN ROBBERY,STRONG ARM,13,2016 Annual Statistics.pdf,3
2016,ward_3,persons,CARJACKING,,1,2016 Annual Statistics.pdf,3
2016,ward_3,persons,ASSAULT,,45,2016 Annual Statistics.pdf,3
2016,ward_3,persons,ASSAULT,GUN,0,2016 Annual Statistics.pdf,3
2016,ward_3,persons,ASSAULT,KNIFE,3,2016 Annual Statistics.pdf,3
2016,ward_3,persons,ASSAULT,OTHER WEAPON,2,2016 Annual Statistics.pdf,3
2016,ward_3,persons,ASSAULT,NO WEAPON,40,2016 Annual Statistics.pdf,3
2016,ward_3,property,B & E RESIDENTIAL,,17,2016 Annual Statistics.pdf,3
2016,ward_3,property,B & E RESIDENTIAL,HOMES,17,2016 Annual Statistics.pdf,3
2016,ward_3,property,B & E RESIDENTIAL,OUTBUILDINGS,0,2016 Annual Statistics.pdf,3
2016,ward_3,property,B & E COMMERCIAL,,6,2016 Annual Statistics.pdf,3
2016,ward_3,property,STOLEN VEHICLE,,23,2016 Annual Statistics.pdf,3
2016,ward_3,property,THEFT,,633,2016 Annual Statistics.pdf,3
2016,ward_3,property,ARSON,,0,2016 Annual Statistics.pdf,3
2016,ward_4,persons,HOMICIDE,,1,2016 Annual Statistics.pdf,3
2016,ward_4,persons,RAPE,,0,2016 Annual Statistics.pdf,3
2016,ward_4,persons,COMMERCIAL ROBBERY,,0,2016 Annual Statistics.pdf,3
2016,ward_4,persons,COMMERCIAL ROBBERY,GUN,0,2016 Annual Statistics.pdf,3
2016,ward_4,persons,COMMERCIAL ROBBERY,KNIFE,0,2016 Annual Statistics.pdf,3
2016,ward_4,persons,COMMERCIAL ROBBERY,OTHER WEAPON,0,2016 Annual Statistics.pdf,3
2016,ward_4,persons,COMMERCIAL ROBBERY,STRONG ARM,0,2016 Annual Statistics.pdf,3
2016,ward_4,persons,CITIZEN ROBBERY,,13,2016 Annual Statistics.pdf,3
2016,ward_4,persons,CITIZEN ROBBERY,GUN,7,2016 Annual Statistics.pdf,3
2016,ward_4,persons,CITIZEN ROBBERY,KNIFE,1,2016 Annual Statistics.pdf,3
2016,ward_4,persons,CITIZEN ROBBERY,OTHER WEAPON,0,2016 Annual Statistics.pdf,3
2016,ward_4,persons,CITIZEN ROBBERY,STRONG ARM,5,2016 Annual Statistics.pdf,3
2016,ward_4,persons,CARJACKING,,1,2016 Annual Statistics.pdf,3
2016,ward_4,persons,ASSAULT,,17,2016 Annual Statistics.pdf,3
2016,ward_4,persons,ASSAULT,GUN,1,2016 Annual Statistics.pdf,3
2016,ward_4,persons,ASSAULT,KNIFE,2,2016 Annual Statistics.pdf,3
2016,ward_4,persons,ASSAULT,OTHER WEAPON,1,2016 Annual Statistics.pdf,3
2016,ward_4,persons,ASSAULT,NO WEAPON,13,2016 Annual Statistics.pdf,3
2016,ward_4,property,B & E RESIDENTIAL,,6,2016 Annual Statistics.pdf,3
2016,ward_4,property,B & E RESIDENTIAL,HOMES,6,2016 Annual Statistics.pdf,3
2016,ward_4,property,B & E RESIDENTIAL,OUTBUILDINGS,0,2016 Annual Statistics.pdf,3
2016,ward_4,property,B & E COMMERCIAL,,0,2016 Annual Statistics.pdf,3
2016,ward_4,property,STOLEN VEHICLE,,14,2016 Annual Statistics.pdf,3
2016,ward_4,property,THEFT,,42,2016 Annual Statistics.pdf,3
2016,ward_4,property,ARSON,,0,2016 Annual Statistics.pdf,3
2016,ward_5,persons,HOMICIDE,,0,2016 Annual Statistics.pdf,3
2016,ward_5,persons,RAPE,,1,2016 Annual Statistics.pdf,3
2016,ward_5,persons,COMMERCIAL ROBBERY,,0,2016 Annual Statistics.pdf,3
2016,ward_5,persons,COMMERCIAL ROBBERY,GUN,0,2016 Annual Statistics.pdf,3
2016,ward_5,persons,COMMERCIAL ROBBERY,KNIFE,0,2016 Annual Statistics.pdf,3
2016,ward_5,persons,COMMERCIAL ROBBERY,OTHER WEAPON,0,2016 Annual Statistics.pdf,3
2016,ward_5,persons,COMMERCIAL ROBBERY,STRONG ARM,0,2016 Annual Statistics.pdf,3
2016,ward_5,persons,CITIZEN ROBBERY,,26,2016 Annual Statistics.pdf,3
2016,ward_5,persons,CITIZEN ROBBERY,GUN,9,2016 Annual Statistics.pdf,3
2016,ward_5,persons,CITIZEN ROBBERY,KNIFE,3,2016 Annual Statistics.pdf,3
2016,ward_5,persons,CITIZEN ROBBERY,OTHER WEAPON,0,2016 Annual Statistics.pdf,3
2016,ward_5,persons,CITIZEN ROBBERY,STRONG ARM,14,2016 Annual Statistics.pdf,3
2016,ward_5,persons,CARJACKING,,1,2016 Annual Statistics.pdf,3
2016,ward_5,persons,ASSAULT,,29,2016 Annual Statistics.pdf,3
2016,ward_5,persons,ASSAULT,GUN,3,2016 Annual Statistics.pdf,3
2016,ward_5,persons,ASSAULT,KNIFE,7,2016 Annual Statistics.pdf,3
2016,ward_5,persons,ASSAULT,OTHER WEAPON,0,2016 Annual Statistics.pdf,3
2016,ward_5,persons,ASSAULT,NO WEAPON,19,2016 Annual Statistics.pdf,3
2016,ward_5,property,B & E RESIDENTIAL,,16,2016 Annual Statistics.pdf,3
2016,ward_5,property,B & E RESIDENTIAL,HOMES,16,2016 Annual Statistics.pdf,3
2016,ward_5,property,B & E RESIDENTIAL,OUTBUILDINGS,0,2016 Annual Statistics.pdf,3
2016,ward_5,property,B & E COMMERCIAL,,3,2016 Annual Statistics.pdf,3
2016,ward_5,property,STOLEN VEHICLE,,13,2016 Annual Statistics.pdf,3
2016,ward_5,property,THEFT,,66,2016 Annual Statistics.pdf,3
2016,ward_5,property,ARSON,,0,2016 Annual Statistics.pdf,3
2017,citywide,persons,HOMICIDE,,1,2017 Annual Statistics.pdf,1
2017,citywide,persons,RAPE,,2,2017 Annual Statistics.pdf,1
2017,citywide,persons,COMMERCIAL ROBBERY,,5,2017 Annual Statistics.pdf,1
2017,citywide,persons,COMMERCIAL ROBBERY,GUN,4,2017 Annual Statistics.pdf,1
2017,citywide,persons,COMMERCIAL ROBBERY,KNIFE,0,2017 Annual Statistics.pdf,1
2017,citywide,persons,COMMERCIAL ROBBERY,OTHER WEAPON,0,2017 Annual Statistics.pdf,1
2017,citywide,persons,COMMERCIAL ROBBERY,STRONG ARM,1,2017 Annual Statistics.pdf,1
2017,citywide,persons,CITIZEN ROBBERY,,55,2017 Annual Statistics.pdf,1
2017,citywide,persons,CITIZEN ROBBERY,GUN,25,2017 Annual Statistics.pdf,1
2017,citywide,persons,CITIZEN ROBBERY,KNIFE,3,2017 Annual Statistics.pdf,1
2017,citywide,persons,CITIZEN ROBBERY,OTHER WEAPON,1,2017 Annual Statistics.pdf,1
2017,citywide,persons,CITIZEN ROBBERY,STRONG ARM,26,2017 Annual Statistics.pdf,1
2017,citywide,persons,CARJACKING,,1,2017 Annual Statistics.pdf,1
2017,citywide,persons,ASSAULT,,121,2017 Annual Statistics.pdf,1
2017,citywide,persons,ASSAULT,GUN,11,2017 Annual Statistics.pdf,1
2017,citywide,persons,ASSAULT,KNIFE,11,2017 Annual Statistics.pdf,1
2017,citywide,persons,ASSAULT,OTHER WEAPON,4,2017 Annual Statistics.pdf,1
2017,citywide,persons,ASSAULT,NO WEAPON,95,2017 Annual Statistics.pdf,1
2017,citywide,property,B & E RESIDENTIAL,,54,2017 Annual Statistics.pdf,1
2017,citywide,property,B & E RESIDENTIAL,HOMES,51,2017 Annual Statistics.pdf,1
2017,citywide,property,B & E RESIDENTIAL,OUTBUILDINGS,3,2017 Annual Statistics.pdf,1
2017,citywide,property,B & E COMMERCIAL,,25,2017 Annual Statistics.pdf,1
2017,citywide,property,STOLEN VEHICLE,,78,2017 Annual Statistics.pdf,1
2017,citywide,property,THEFT,,863,2017 Annual Statistics.pdf,1
2017,citywide,property,ARSON,,0,2017 Annual Statistics.pdf,1
2017,ward_1,persons,HOMICIDE,,1,2017 Annual Statistics.pdf,3
2017,ward_1,persons,RAPE,,0,2017 Annual Statistics.pdf,3
2017,ward_1,persons,COMMERCIAL ROBBERY,,1,2017 Annual Statistics.pdf,3
2017,ward_1,persons,COMMERCIAL ROBBERY,GUN,1,2017 Annual Statistics.pdf,3
2017,ward_1,persons,COMMERCIAL ROBBERY,KNIFE,0,2017 Annual Statistics.pdf,3
2017,ward_1,persons,COMMERCIAL ROBBERY,OTHER WEAPON,0,2017 Annual Statistics.pdf,3
2017,ward_1,persons,COMMERCIAL ROBBERY,STRONG ARM,0,2017 Annual Statistics.pdf,3
2017,ward_1,persons,CITIZEN ROBBERY,,6,2017 Annual Statistics.pdf,3
2017,ward_1,persons,CITIZEN ROBBERY,GUN,4,2017 Annual Statistics.pdf,3
2017,ward_1,persons,CITIZEN ROBBERY,KNIFE,0,2017 Annual Statistics.pdf,3
2017,ward_1,persons,CITIZEN ROBBERY,OTHER WEAPON,0,2017 Annual Statistics.pdf,3
2017,ward_1,persons,CITIZEN ROBBERY,STRONG ARM,2,2017 Annual Statistics.pdf,3
2017,ward_1,persons,CARJACKING,,0,2017 Annual Statistics.pdf,3
2017,ward_1,persons,ASSAULT,,24,2017 Annual Statistics.pdf,3
2017,ward_1,persons,ASSAULT,GUN,2,2017 Annual Statistics.pdf,3
2017,ward_1,persons,ASSAULT,KNIFE,1,2017 Annual Statistics.pdf,3
2017,ward_1,persons,ASSAULT,OTHER WEAPON,0,2017 Annual Statistics.pdf,3
2017,ward_1,persons,ASSAULT,NO WEAPON,21,2017 Annual Statistics.pdf,3
2017,ward_1,property,B & E RESIDENTIAL,,4,2017 Annual Statistics.pdf,3
2017,ward_1,property,B & E RESIDENTIAL,HOMES,4,2017 Annual Statistics.pdf,3
2017,ward_1,property,B & E RESIDENTIAL,OUTBUILDINGS,0,2017 Annual Statistics.pdf,3
2017,ward_1,property,B & E COMMERCIAL,,7,2017 Annual Statistics.pdf,3
2017,ward_1,property,STOLEN VEHICLE,,21,2017 Annual Statistics.pdf,3
2017,ward_1,property,THEFT,,91,2017 Annual Statistics.pdf,3
2017,ward_1,property,ARSON,,0,2017 Annual Statistics.pdf,3
2017,ward_2,persons,HOMICIDE,,0,2017 Annual Statistics.pdf,3
2017,ward_2,persons,RAPE,,0,2017 Annual Statistics.pdf,3
2017,ward_2,persons,COMMERCIAL ROBBERY,,0,2017 Annual Statistics.pdf,3
2017,ward_2,persons,COMMERCIAL ROBBERY,GUN,0,2017 Annual Statistics.pdf,3
2017,ward_2,persons,COMMERCIAL ROBBERY,KNIFE,0,2017 Annual Statistics.pdf,3
2017,ward_2,persons,COMMERCIAL ROBBERY,OTHER WEAPON,0,2017 Annual Statistics.pdf,3
2017,ward_2,persons,COMMERCIAL ROBBERY,STRONG ARM,0,2017 Annual Statistics.pdf,3
2017,ward_2,persons,CITIZEN ROBBERY,,1,2017 Annual Statistics.pdf,3
2017,ward_2,persons,CITIZEN ROBBERY,GUN,1,2017 Annual Statistics.pdf,3
2017,ward_2,persons,CITIZEN ROBBERY,KNIFE,0,2017 Annual Statistics.pdf,3
2017,ward_2,persons,CITIZEN ROBBERY,OTHER WEAPON,0,2017 Annual Statistics.pdf,3
2017,ward_2,persons,CITIZEN ROBBERY,STRONG ARM,0,2017 Annual Statistics.pdf,3
2017,ward_2,persons,CARJACKING,,1,2017 Annual Statistics.pdf,3
2017,ward_2,persons,ASSAULT,,7,2017 Annual Statistics.pdf,3
2017,ward_2,persons,ASSAULT,GUN,0,2017 Annual Statistics.pdf,3
2017,ward_2,persons,ASSAULT,KNIFE,1,2017 Annual Statistics.pdf,3
2017,ward_2,persons,ASSAULT,OTHER WEAPON,1,2017 Annual Statistics.pdf,3
2017,ward_2,persons,ASSAULT,NO WEAPON,5,2017 Annual Statistics.pdf,3
2017,ward_2,property,B & E RESIDENTIAL,,8,2017 Annual Statistics.pdf,3
2017,ward_2,property,B & E RESIDENTIAL,HOMES,8,2017 Annual Statistics.pdf,3
2017,ward_2,property,B & E RESIDENTIAL,OUTBUILDINGS,0,2017 Annual Statistics.pdf,3
2017,ward_2,property,B & E COMMERCIAL,,1,2017 Annual Statistics.pdf,3
2017,ward_2,property,STOLEN VEHICLE,,8,2017 Annual Statistics.pdf,3
2017,ward_2,property,THEFT,,35,2017 Annual Statistics.pdf,3
2017,ward_2,property,ARSON,,0,2017 Annual Statistics.pdf,3
2017,ward_3,persons,HOMICIDE,,0,2017 Annual Statistics.pdf,3
2017,ward_3,persons,RAPE,,1,2017 Annual Statistics.pdf,3
2017,ward_3,persons,COMMERCIAL ROBBERY,,0,2017 Annual Statistics.pdf,3
2017,ward_3,persons,COMMERCIAL ROBBERY,GUN,0,2017 Annual Statistics.pdf,3
2017,ward_3,persons,COMMERCIAL ROBBERY,KNIFE,0,2017 Annual Statistics.pdf,3
2017,ward_3,persons,COMMERCIAL ROBBERY,OTHER WEAPON,0,2017 Annual Statistics.pdf,3
2017,ward_3,persons,COMMERCIAL ROBBERY,STRONG ARM,0,2017 Annual Statistics.pdf,3
2017,ward_3,persons,CITIZEN ROBBERY,,24,2017 Annual Statistics.pdf,3
2017,ward_3,persons,CITIZEN ROBBERY,GUN,7,2017 Annual Statistics.pdf,3
2017,ward_3,persons,CITIZEN ROBBERY,KNIFE,1,2017 Annual Statistics.pdf,3
2017,ward_3,persons,CITIZEN ROBBERY,OTHER WEAPON,0,2017 Annual Statistics.pdf,3
2017,ward_3,persons,CITIZEN ROBBERY,STRONG ARM,16,2017 Annual Statistics.pdf,3
2017,ward_3,persons,CARJACKING,,0,2017 Annual Statistics.pdf,3
2017,ward_3,persons,ASSAULT,,50,2017 Annual Statistics.pdf,3
2017,ward_3,persons,ASSAULT,GUN,4,2017 Annual Statistics.pdf,3
2017,ward_3,persons,ASSAULT,KNIFE,5,2017 Annual Statistics.pdf,3
2017,ward_3,persons,ASSAULT,OTHER WEAPON,1,2017 Annual Statistics.pdf,3
2017,ward_3,persons,ASSAULT,NO WEAPON,40,2017 Annual Statistics.pdf,3
2017,ward_3,property,B & E RESIDENTIAL,,13,2017 Annual Statistics.pdf,3
2017,ward_3,property,B & E RESIDENTIAL,HOMES,12,2017 Annual Statistics.pdf,3
2017,ward_3,property,B & E RESIDENTIAL,OUTBUILDINGS,1,2017 Annual Statistics.pdf,3
2017,ward_3,property,B & E COMMERCIAL,,13,2017 Annual Statistics.pdf,3
2017,ward_3,property,STOLEN VEHICLE,,17,2017 Annual Statistics.pdf,3
2017,ward_3,property,THEFT,,639,2017 Annual Statistics.pdf,3
2017,ward_3,property,ARSON,,0,2017 Annual Statistics.pdf,3
2017,ward_4,persons,HOMICIDE,,0,2017 Annual Statistics.pdf,3
2017,ward_4,persons,RAPE,,0,2017 Annual Statistics.pdf,3
2017,ward_4,persons,COMMERCIAL ROBBERY,,0,2017 Annual Statistics.pdf,3
2017,ward_4,persons,COMMERCIAL ROBBERY,GUN,0,2017 Annual Statistics.pdf,3
2017,ward_4,persons,COMMERCIAL ROBBERY,KNIFE,0,2017 Annual Statistics.pdf,3
2017,ward_4,persons,COMMERCIAL ROBBERY,OTHER WEAPON,0,2017 Annual Statistics.pdf,3
2017,ward_4,persons,COMMERCIAL ROBBERY,STRONG ARM,0,2017 Annual Statistics.pdf,3
2017,ward_4,persons,CITIZEN ROBBERY,,8,2017 Annual Statistics.pdf,3
2017,ward_4,persons,CITIZEN ROBBERY,GUN,7,2017 Annual Statistics.pdf,3
2017,ward_4,persons,CITIZEN ROBBERY,KNIFE,0,2017 Annual Statistics.pdf,3
2017,ward_4,persons,CITIZEN ROBBERY,OTHER WEAPON,0,2017 Annual Statistics.pdf,3
2017,ward_4,persons,CITIZEN ROBBERY,STRONG ARM,1,2017 Annual Statistics.pdf,3
2017,ward_4,persons,CARJACKING,,0,2017 Annual Statistics.pdf,3
2017,ward_4,persons,ASSAULT,,12,2017 Annual Statistics.pdf,3
2017,ward_4,persons,ASSAULT,GUN,0,2017 Annual Statistics.pdf,3
2017,ward_4,persons,ASSAULT,KNIFE,1,2017 Annual Statistics.pdf,3
2017,ward_4,persons,ASSAULT,OTHER WEAPON,1,2017 Annual Statistics.pdf,3
2017,ward_4,persons,ASSAULT,NO WEAPON,10,2017 Annual Statistics.pdf,3
2017,ward_4,property,B & E RESIDENTIAL,,13,2017 Annual Statistics.pdf,3
2017,ward_4,property,B & E RESIDENTIAL,HOMES,11,2017 Annual Statistics.pdf,3
2017,ward_4,property,B & E RESIDENTIAL,OUTBUILDINGS,2,2017 Annual Statistics.pdf,3
2017,ward_4,property,B & E COMMERCIAL,,0,2017 Annual Statistics.pdf,3
2017,ward_4,property,STOLEN VEHICLE,,16,2017 Annual Statistics.pdf,3
2017,ward_4,property,THEFT,,37,2017 Annual Statistics.pdf,3
2017,ward_4,property,ARSON,,0,2017 Annual Statistics.pdf,3
2017,ward_5,persons,HOMICIDE,,0,2017 Annual Statistics.pdf,3
2017,ward_5,persons,RAPE,,1,2017 Annual Statistics.pdf,3
2017,ward_5,persons,COMMERCIAL ROBBERY,,4,2017 Annual Statistics.pdf,3
2017,ward_5,persons,COMMERCIAL ROBBERY,GUN,3,2017 Annual Statistics.pdf,3
2017,ward_5,persons,COMMERCIAL ROBBERY,KNIFE,0,2017 Annual Statistics.pdf,3
2017,ward_5,persons,COMMERCIAL ROBBERY,OTHER WEAPON,0,2017 Annual Statistics.pdf,3
2017,ward_5,persons,COMMERCIAL ROBBERY,STRONG ARM,1,2017 Annual Statistics.pdf,3
2017,ward_5,persons,CITIZEN ROBBERY,,16,2017 Annual Statistics.pdf,3
2017,ward_5,persons,CITIZEN ROBBERY,GUN,6,2017 Annual Statistics.pdf,3
2017,ward_5,persons,CITIZEN ROBBERY,KNIFE,2,2017 Annual Statistics.pdf,3
2017,ward_5,persons,CITIZEN ROBBERY,OTHER WEAPON,1,2017 Annual Statistics.pdf,3
2017,ward_5,persons,CITIZEN ROBBERY,STRONG ARM,7,2017 Annual Statistics.pdf,3
2017,ward_5,persons,CARJACKING,,0,2017 Annual Statistics.pdf,3
2017,ward_5,persons,ASSAULT,,28,2017 Annual Statistics.pdf,3
2017,ward_5,persons,ASSAULT,GUN,5,2017 Annual Statistics.pdf,3
2017,ward_5,persons,ASSAULT,KNIFE,3,2017 Annual Statistics.pdf,3
2017,ward_5,persons,ASSAULT,OTHER WEAPON,1,2017 Annual Statistics.pdf,3
2017,ward_5,persons,ASSAULT,NO WEAPON,19,2017 Annual Statistics.pdf,3
2017,ward_5,property,B & E RESIDENTIAL,,16,2017 Annual Statistics.pdf,3
2017,ward_5,property,B & E RESIDENTIAL,HOMES,16,2017 Annual Statistics.pdf,3
2017,ward_5,property,B & E RESIDENTIAL,OUTBUILDINGS,0,2017 Annual Statistics.pdf,3
2017,ward_5,property,B & E COMMERCIAL,,4,2017 Annual Statistics.pdf,3
2017,ward_5,property,STOLEN VEHICLE,,16,2017 Annual Statistics.pdf,3
2017,ward_5,property,THEFT,,61,2017 Annual Statistics.pdf,3
2017,ward_5,property,ARSON,,0,2017 Annual Statistics.pdf,3
2018,citywide,persons,HOMICIDE,,0,2018 Annual Statistics.pdf,1
2018,citywide,persons,RAPE,,3,2018 Annual Statistics.pdf,1
2018,citywide,persons,COMMERCIAL ROBBERY,,1,2018 Annual Statistics.pdf,1
2018,citywide,persons,COMMERCIAL ROBBERY,GUN,0,2018 Annual Statistics.pdf,1
2018,citywide,persons,COMMERCIAL ROBBERY,KNIFE,0,2018 Annual Statistics.pdf,1
2018,citywide,persons,COMMERCIAL ROBBERY,OTHER WEAPON,0,2018 Annual Statistics.pdf,1
2018,citywide,persons,COMMERCIAL ROBBERY,STRONG ARM,1,2018 Annual Statistics.pdf,1
2018,citywide,persons,CITIZEN ROBBERY,,48,2018 Annual Statistics.pdf,1
2018,citywide,persons,CITIZEN ROBBERY,GUN,16,2018 Annual Statistics.pdf,1
2018,citywide,persons,CITIZEN ROBBERY,KNIFE,7,2018 Annual Statistics.pdf,1
2018,citywide,persons,CITIZEN ROBBERY,OTHER WEAPON,2,2018 Annual Statistics.pdf,1
2018,citywide,persons,CITIZEN ROBBERY,STRONG ARM,23,2018 Annual Statistics.pdf,1
2018,citywide,persons,CARJACKING,,1,2018 Annual Statistics.pdf,1
2018,citywide,persons,ASSAULT,,85,2018 Annual Statistics.pdf,1
2018,citywide,persons,ASSAULT,GUN,8,2018 Annual Statistics.pdf,1
2018,citywide,persons,ASSAULT,KNIFE,11,2018 Annual Statistics.pdf,1
2018,citywide,persons,ASSAULT,OTHER WEAPON,8,2018 Annual Statistics.pdf,1
2018,citywide,persons,ASSAULT,NO WEAPON,58,2018 Annual Statistics.pdf,1
2018,citywide,property,B & E RESIDENTIAL,,35,2018 Annual Statistics.pdf,1
2018,citywide,property,B & E RESIDENTIAL,HOMES,31,2018 Annual Statistics.pdf,1
2018,citywide,property,B & E RESIDENTIAL,OUTBUILDINGS,4,2018 Annual Statistics.pdf,1
2018,citywide,property,B & E COMMERCIAL,,14,2018 Annual Statistics.pdf,1
2018,citywide,property,STOLEN VEHICLE,,60,2018 Annual Statistics.pdf,1
2018,citywide,property,THEFT,,818,2018 Annual Statistics.pdf,1
2018,citywide,property,ARSON,,0,2018 Annual Statistics.pdf,1
2018,ward_1,persons,HOMICIDE,,0,2018 Annual Statistics.pdf,3
2018,ward_1,persons,RAPE,,0,2018 Annual Statistics.pdf,3
2018,ward_1,persons,COMMERCIAL ROBBERY,,0,2018 Annual Statistics.pdf,3
2018,ward_1,persons,COMMERCIAL ROBBERY,GUN,0,2018 Annual Statistics.pdf,3
2018,ward_1,persons,COMMERCIAL ROBBERY,KNIFE,0,2018 Annual Statistics.pdf,3
2018,ward_1,persons,COMMERCIAL ROBBERY,OTHER WEAPON,0,2018 Annual Statistics.pdf,3
2018,ward_1,persons,COMMERCIAL ROBBERY,STRONG ARM,0,2018 Annual Statistics.pdf,3
2018,ward_1,persons,CITIZEN ROBBERY,,4,2018 Annual Statistics.pdf,3
2018,ward_1,persons,CITIZEN ROBBERY,GUN,2,2018 Annual Statistics.pdf,3
2018,ward_1,persons,CITIZEN ROBBERY,KNIFE,0,2018 Annual Statistics.pdf,3
2018,ward_1,persons,CITIZEN ROBBERY,OTHER WEAPON,0,2018 Annual Statistics.pdf,3
2018,ward_1,persons,CITIZEN ROBBERY,STRONG ARM,2,2018 Annual Statistics.pdf,3
2018,ward_1,persons,CARJACKING,,0,2018 Annual Statistics.pdf,3
2018,ward_1,persons,ASSAULT,,12,2018 Annual Statistics.pdf,3
2018,ward_1,persons,ASSAULT,GUN,0,2018 Annual Statistics.pdf,3
2018,ward_1,persons,ASSAULT,KNIFE,2,2018 Annual Statistics.pdf,3
2018,ward_1,persons,ASSAULT,OTHER WEAPON,2,2018 Annual Statistics.pdf,3
2018,ward_1,persons,ASSAULT,NO WEAPON,8,2018 Annual Statistics.pdf,3
2018,ward_1,property,B & E RESIDENTIAL,,10,2018 Annual Statistics.pdf,3
2018,ward_1,property,B & E RESIDENTIAL,HOMES,9,2018 Annual Statistics.pdf,3
2018,ward_1,property,B & E RESIDENTIAL,OUTBUILDINGS,1,2018 Annual Statistics.pdf,3
2018,ward_1,property,B & E COMMERCIAL,,5,2018 Annual Statistics.pdf,3
2018,ward_1,property,STOLEN VEHICLE,,16,2018 Annual Statistics.pdf,3
2018,ward_1,property,THEFT,,84,2018 Annual Statistics.pdf,3
2018,ward_1,property,ARSON,,0,2018 Annual Statistics.pdf,3
2018,ward_2,persons,HOMICIDE,,0,2018 Annual Statistics.pdf,3
2018,ward_2,persons,RAPE,,0,2018 Annual Statistics.pdf,3
2018,ward_2,persons,COMMERCIAL ROBBERY,,0,2018 Annual Statistics.pdf,3
2018,ward_2,persons,COMMERCIAL ROBBERY,GUN,0,2018 Annual Statistics.pdf,3
2018,ward_2,persons,COMMERCIAL ROBBERY,KNIFE,0,2018 Annual Statistics.pdf,3
2018,ward_2,persons,COMMERCIAL ROBBERY,OTHER WEAPON,0,2018 Annual Statistics.pdf,3
2018,ward_2,persons,COMMERCIAL ROBBERY,STRONG ARM,0,2018 Annual Statistics.pdf,3
2018,ward_2,persons,CITIZEN ROBBERY,,2,2018 Annual Statistics.pdf,3
2018,ward_2,persons,CITIZEN ROBBERY,GUN,1,2018 Annual Statistics.pdf,3
2018,ward_2,persons,CITIZEN ROBBERY,KNIFE,0,2018 Annual Statistics.pdf,3
2018,ward_2,persons,CITIZEN ROBBERY,OTHER WEAPON,0,2018 Annual Statistics.pdf,3
2018,ward_2,persons,CITIZEN ROBBERY,STRONG ARM,1,2018 Annual Statistics.pdf,3
2018,ward_2,persons,CARJACKING,,0,2018 Annual Statistics.pdf,3
2018,ward_2,persons,ASSAULT,,6,2018 Annual Statistics.pdf,3
2018,ward_2,persons,ASSAULT,GUN,0,2018 Annual Statistics.pdf,3
2018,ward_2,persons,ASSAULT,KNIFE,1,2018 Annual Statistics.pdf,3
2018,ward_2,persons,ASSAULT,OTHER WEAPON,0,2018 Annual Statistics.pdf,3
2018,ward_2,persons,ASSAULT,NO WEAPON,5,2018 Annual Statistics.pdf,3
2018,ward_2,property,B & E RESIDENTIAL,,8,2018 Annual Statistics.pdf,3
2018,ward_2,property,B & E RESIDENTIAL,HOMES,7,2018 Annual Statistics.pdf,3
2018,ward_2,property,B & E RESIDENTIAL,OUTBUILDINGS,1,2018 Annual Statistics.pdf,3
2018,ward_2,property,B & E COMMERCIAL,,0,2018 Annual Statistics.pdf,3
2018,ward_2,property,STOLEN VEHICLE,,6,2018 Annual Statistics.pdf,3
2018,ward_2,property,THEFT,,39,2018 Annual Statistics.pdf,3
2018,ward_2,property,ARSON,,0,2018 Annual Statistics.pdf,3
2018,ward_3,persons,HOMICIDE,,0,2018 Annual Statistics.pdf,3
2018,ward_3,persons,RAPE,,1,2018 Annual Statistics.pdf,3
2018,ward_3,persons,COMMERCIAL ROBBERY,,1,2018 Annual Statistics.pdf,3
2018,ward_3,persons,COMMERCIAL ROBBERY,GUN,0,2018 Annual Statistics.pdf,3
2018,ward_3,persons,COMMERCIAL ROBBERY,KNIFE,0,2018 Annual Statistics.pdf,3
2018,ward_3,persons,COMMERCIAL ROBBERY,OTHER WEAPON,0,2018 Annual Statistics.pdf,3
2018,ward_3,persons,COMMERCIAL ROBBERY,STRONG ARM,1,2018 Annual Statistics.pdf,3
2018,ward_3,persons,CITIZEN ROBBERY,,23,2018 Annual Statistics.pdf,3
2018,ward_3,persons,CITIZEN ROBBERY,GUN,6,2018 Annual Statistics.pdf,3
2018,ward_3,persons,CITIZEN ROBBERY,KNIFE,3,2018 Annual Statistics.pdf,3
2018,ward_3,persons,CITIZEN ROBBERY,OTHER WEAPON,1,2018 Annual Statistics.pdf,3
2018,ward_3,persons,CITIZEN ROBBERY,STRONG ARM,13,2018 Annual Statistics.pdf,3
2018,ward_3,persons,CARJACKING,,1,2018 Annual Statistics.pdf,3
2018,ward_3,persons,ASSAULT,,34,2018 Annual Statistics.pdf,3
2018,ward_3,persons,ASSAULT,GUN,5,2018 Annual Statistics.pdf,3
2018,ward_3,persons,ASSAULT,KNIFE,4,2018 Annual Statistics.pdf,3
2018,ward_3,persons,ASSAULT,OTHER WEAPON,3,2018 Annual Statistics.pdf,3
2018,ward_3,persons,ASSAULT,NO WEAPON,22,2018 Annual Statistics.pdf,3
2018,ward_3,property,B & E RESIDENTIAL,,5,2018 Annual Statistics.pdf,3
2018,ward_3,property,B & E RESIDENTIAL,HOMES,3,2018 Annual Statistics.pdf,3
2018,ward_3,property,B & E RESIDENTIAL,OUTBUILDINGS,2,2018 Annual Statistics.pdf,3
2018,ward_3,property,B & E COMMERCIAL,,7,2018 Annual Statistics.pdf,3
2018,ward_3,property,STOLEN VEHICLE,,20,2018 Annual Statistics.pdf,3
2018,ward_3,property,THEFT,,560,2018 Annual Statistics.pdf,3
2018,ward_3,property,ARSON,,0,2018 Annual Statistics.pdf,3
2018,ward_4,persons,HOMICIDE,,0,2018 Annual Statistics.pdf,3
2018,ward_4,persons,RAPE,,0,2018 Annual Statistics.pdf,3
2018,ward_4,persons,COMMERCIAL ROBBERY,,0,2018 Annual Statistics.pdf,3
2018,ward_4,persons,COMMERCIAL ROBBERY,GUN,0,2018 Annual Statistics.pdf,3
2018,ward_4,persons,COMMERCIAL ROBBERY,KNIFE,0,2018 Annual Statistics.pdf,3
2018,ward_4,persons,COMMERCIAL ROBBERY,OTHER WEAPON,0,2018 Annual Statistics.pdf,3
2018,ward_4,persons,COMMERCIAL ROBBERY,STRONG ARM,0,2018 Annual Statistics.pdf,3
2018,ward_4,persons,CITIZEN ROBBERY,,7,2018 Annual Statistics.pdf,3
2018,ward_4,persons,CITIZEN ROBBERY,GUN,2,2018 Annual Statistics.pdf,3
2018,ward_4,persons,CITIZEN ROBBERY,KNIFE,2,2018 Annual Statistics.pdf,3
2018,ward_4,persons,CITIZEN ROBBERY,OTHER WEAPON,0,2018 Annual Statistics.pdf,3
2018,ward_4,persons,CITIZEN ROBBERY,STRONG ARM,3,2018 Annual Statistics.pdf,3
2018,ward_4,persons,CARJACKING,,0,2018 Annual Statistics.pdf,3
2018,ward_4,persons,ASSAULT,,11,2018 Annual Statistics.pdf,3
2018,ward_4,persons,ASSAULT,GUN,1,2018 Annual Statistics.pdf,3
2018,ward_4,persons,ASSAULT,KNIFE,1,2018 Annual Statistics.pdf,3
2018,ward_4,persons,ASSAULT,OTHER WEAPON,0,2018 Annual Statistics.pdf,3
2018,ward_4,persons,ASSAULT,NO WEAPON,9,2018 Annual Statistics.pdf,3
2018,ward_4,property,B & E RESIDENTIAL,,3,2018 Annual Statistics.pdf,3
2018,ward_4,property,B & E RESIDENTIAL,HOMES,3,2018 Annual Statistics.pdf,3
2018,ward_4,property,B & E RESIDENTIAL,OUTBUILDINGS,0,2018 Annual Statistics.pdf,3
2018,ward_4,property,B & E COMMERCIAL,,0,2018 Annual Statistics.pdf,3
2018,ward_4,property,STOLEN VEHICLE,,3,2018 Annual Statistics.pdf,3
2018,ward_4,property,THEFT,,32,2018 Annual Statistics.pdf,3
2018,ward_4,property,ARSON,,0,2018 Annual Statistics.pdf,3
2018,ward_5,persons,HOMICIDE,,0,2018 Annual Statistics.pdf,3
2018,ward_5,persons,RAPE,,2,2018 Annual Statistics.pdf,3
2018,ward_5,persons,COMMERCIAL ROBBERY,,0,2018 Annual Statistics.pdf,3
2018,ward_5,persons,COMMERCIAL ROBBERY,GUN,0,2018 Annual Statistics.pdf,3
2018,ward_5,persons,COMMERCIAL ROBBERY,KNIFE,0,2018 Annual Statistics.pdf,3
2018,ward_5,persons,COMMERCIAL ROBBERY,OTHER WEAPON,0,2018 Annual Statistics.pdf,3
2018,ward_5,persons,COMMERCIAL ROBBERY,STRONG ARM,0,2018 Annual Statistics.pdf,3
2018,ward_5,persons,CITIZEN ROBBERY,,12,2018 Annual Statistics.pdf,3
2018,ward_5,persons,CITIZEN ROBBERY,GUN,5,2018 Annual Statistics.pdf,3
2018,ward_5,persons,CITIZEN ROBBERY,KNIFE,2,2018 Annual Statistics.pdf,3
2018,ward_5,persons,CITIZEN ROBBERY,OTHER WEAPON,1,2018 Annual Statistics.pdf,3
2018,ward_5,persons,CITIZEN ROBBERY,STRONG ARM,4,2018 Annual Statistics.pdf,3
2018,ward_5,persons,CARJACKING,,0,2018 Annual Statistics.pdf,3
2018,ward_5,persons,ASSAULT,,22,2018 Annual Statistics.pdf,3
2018,ward_5,persons,ASSAULT,GUN,2,2018 Annual Statistics.pdf,3
2018,ward_5,persons,ASSAULT,KNIFE,3,2018 Annual Statistics.pdf,3
2018,ward_5,persons,ASSAULT,OTHER WEAPON,3,2018 Annual Statistics.pdf,3
2018,ward_5,persons,ASSAULT,NO WEAPON,14,2018 Annual Statistics.pdf,3
2018,ward_5,property,B & E RESIDENTIAL,,9,2018 Annual Statistics.pdf,3
2018,ward_5,property,B & E RESIDENTIAL,HOMES,9,2018 Annual Statistics.pdf,3
2018,ward_5,property,B & E RESIDENTIAL,OUTBUILDINGS,0,2018 Annual Statistics.pdf,3
2018,ward_5,property,B & E COMMERCIAL,,2,2018 Annual Statistics.pdf,3
2018,ward_5,property,STOLEN VEHICLE,,15,2018 Annual Statistics.pdf,3
2018,ward_5,property,THEFT,,103,2018 Annual Statistics.pdf,3
2018,ward_5,property,ARSON,,0,2018 Annual Statistics.pdf,3
2019,citywide,persons,HOMICIDE,,4,2019 Annual Statistics.pdf,1
2019,citywide,persons,RAPE,,3,2019 Annual Statistics.pdf,1
2019,citywide,persons,COMMERCIAL ROBBERY,,4,2019 Annual Statistics.pdf,1
2019,citywide,persons,COMMERCIAL ROBBERY,GUN,2,2019 Annual Statistics.pdf,1
2019,citywide,persons,COMMERCIAL ROBBERY,KNIFE,0,2019 Annual Statistics.pdf,1
2019,citywide,persons,COMMERCIAL ROBBERY,OTHER WEAPON,1,2019 Annual Statistics.pdf,1
2019,citywide,persons,COMMERCIAL ROBBERY,STRONG ARM,1,2019 Annual Statistics.pdf,1
2019,citywide,persons,CITIZEN ROBBERY,,48,2019 Annual Statistics.pdf,1
2019,citywide,persons,CITIZEN ROBBERY,GUN,19,2019 Annual Statistics.pdf,1
2019,citywide,persons,CITIZEN ROBBERY,KNIFE,10,2019 Annual Statistics.pdf,1
2019,citywide,persons,CITIZEN ROBBERY,OTHER WEAPON,0,2019 Annual Statistics.pdf,1
2019,citywide,persons,CITIZEN ROBBERY,STRONG ARM,19,2019 Annual Statistics.pdf,1
2019,citywide,persons,CARJACKING,,2,2019 Annual Statistics.pdf,1
2019,citywide,persons,ASSAULT,,116,2019 Annual Statistics.pdf,1
2019,citywide,persons,ASSAULT,GUN,8,2019 Annual Statistics.pdf,1
2019,citywide,persons,ASSAULT,KNIFE,11,2019 Annual Statistics.pdf,1
2019,citywide,persons,ASSAULT,OTHER WEAPON,6,2019 Annual Statistics.pdf,1
2019,citywide,persons,ASSAULT,NO WEAPON,91,2019 Annual Statistics.pdf,1
2019,citywide,property,B & E RESIDENTIAL,,42,2019 Annual Statistics.pdf,1
2019,citywide,property,B & E RESIDENTIAL,HOMES,37,2019 Annual Statistics.pdf,1
2019,citywide,property,B & E RESIDENTIAL,OUTBUILDINGS,5,2019 Annual Statistics.pdf,1
2019,citywide,property,B & E COMMERCIAL,,12,2019 Annual Statistics.pdf,1
2019,citywide,property,STOLEN VEHICLE,,61,2019 Annual Statistics.pdf,1
2019,citywide,property,THEFT,,996,2019 Annual Statistics.pdf,1
2019,citywide,property,ARSON,,0,2019 Annual Statistics.pdf,1
2019,ward_1,persons,HOMICIDE,,2,2019 Annual Statistics.pdf,3
2019,ward_1,persons,RAPE,,1,2019 Annual Statistics.pdf,3
2019,ward_1,persons,COMMERCIAL ROBBERY,,0,2019 Annual Statistics.pdf,3
2019,ward_1,persons,COMMERCIAL ROBBERY,GUN,0,2019 Annual Statistics.pdf,3
2019,ward_1,persons,COMMERCIAL ROBBERY,KNIFE,0,2019 Annual Statistics.pdf,3
2019,ward_1,persons,COMMERCIAL ROBBERY,OTHER WEAPON,0,2019 Annual Statistics.pdf,3
2019,ward_1,persons,COMMERCIAL ROBBERY,STRONG ARM,0,2019 Annual Statistics.pdf,3
2019,ward_1,persons,CITIZEN ROBBERY,,4,2019 Annual Statistics.pdf,3
2019,ward_1,persons,CITIZEN ROBBERY,GUN,1,2019 Annual Statistics.pdf,3
2019,ward_1,persons,CITIZEN ROBBERY,KNIFE,0,2019 Annual Statistics.pdf,3
2019,ward_1,persons,CITIZEN ROBBERY,OTHER WEAPON,0,2019 Annual Statistics.pdf,3
2019,ward_1,persons,CITIZEN ROBBERY,STRONG ARM,3,2019 Annual Statistics.pdf,3
2019,ward_1,persons,CARJACKING,,0,2019 Annual Statistics.pdf,3
2019,ward_1,persons,ASSAULT,,17,2019 Annual Statistics.pdf,3
2019,ward_1,persons,ASSAULT,GUN,3,2019 Annual Statistics.pdf,3
2019,ward_1,persons,ASSAULT,KNIFE,2,2019 Annual Statistics.pdf,3
2019,ward_1,persons,ASSAULT,OTHER WEAPON,2,2019 Annual Statistics.pdf,3
2019,ward_1,persons,ASSAULT,NO WEAPON,10,2019 Annual Statistics.pdf,3
2019,ward_1,property,B & E RESIDENTIAL,,5,2019 Annual Statistics.pdf,3
2019,ward_1,property,B & E RESIDENTIAL,HOMES,4,2019 Annual Statistics.pdf,3
2019,ward_1,property,B & E RESIDENTIAL,OUTBUILDINGS,1,2019 Annual Statistics.pdf,3
2019,ward_1,property,B & E COMMERCIAL,,4,2019 Annual Statistics.pdf,3
2019,ward_1,property,STOLEN VEHICLE,,6,2019 Annual Statistics.pdf,3
2019,ward_1,property,THEFT,,124,2019 Annual Statistics.pdf,3
2019,ward_1,property,ARSON,,0,2019 Annual Statistics.pdf,3
2019,ward_2,persons,HOMICIDE,,1,2019 Annual Statistics.pdf,3
2019,ward_2,persons,RAPE,,1,2019 Annual Statistics.pdf,3
2019,ward_2,persons,COMMERCIAL ROBBERY,,0,2019 Annual Statistics.pdf,3
2019,ward_2,persons,COMMERCIAL ROBBERY,GUN,0,2019 Annual Statistics.pdf,3
2019,ward_2,persons,COMMERCIAL ROBBERY,KNIFE,0,2019 Annual Statistics.pdf,3
2019,ward_2,persons,COMMERCIAL ROBBERY,OTHER WEAPON,0,2019 Annual Statistics.pdf,3
2019,ward_2,persons,COMMERCIAL ROBBERY,STRONG ARM,0,2019 Annual Statistics.pdf,3
2019,ward_2,persons,CITIZEN ROBBERY,,2,2019 Annual Statistics.pdf,3
2019,ward_2,persons,CITIZEN ROBBERY,GUN,1,2019 Annual Statistics.pdf,3
2019,ward_2,persons,CITIZEN ROBBERY,KNIFE,0,2019 Annual Statistics.pdf,3
2019,ward_2,persons,CITIZEN ROBBERY,OTHER WEAPON,0,2019 Annual Statistics.pdf,3
2019,ward_2,persons,CITIZEN ROBBERY,STRONG ARM,1,2019 Annual Statistics.pdf,3
2019,ward_2,persons,CARJACKING,,0,2019 Annual Statistics.pdf,3
2019,ward_2,persons,ASSAULT,,5,2019 Annual Statistics.pdf,3
2019,ward_2,persons,ASSAULT,GUN,0,2019 Annual Statistics.pdf,3
2019,ward_2,persons,ASSAULT,KNIFE,0,2019 Annual Statistics.pdf,3
2019,ward_2,persons,ASSAULT,OTHER WEAPON,0,2019 Annual Statistics.pdf,3
2019,ward_2,persons,ASSAULT,NO WEAPON,5,2019 Annual Statistics.pdf,3
2019,ward_2,property,B & E RESIDENTIAL,,8,2019 Annual Statistics.pdf,3
2019,ward_2,property,B & E RESIDENTIAL,HOMES,6,2019 Annual Statistics.pdf,3
2019,ward_2,property,B & E RESIDENTIAL,OUTBUILDINGS,2,2019 Annual Statistics.pdf,3
2019,ward_2,property,B & E COMMERCIAL,,0,2019 Annual Statistics.pdf,3
2019,ward_2,property,STOLEN VEHICLE,,10,2019 Annual Statistics.pdf,3
2019,ward_2,property,THEFT,,34,2019 Annual Statistics.pdf,3
2019,ward_2,property,ARSON,,0,2019 Annual Statistics.pdf,3
2019,ward_3,persons,HOMICIDE,,1,2019 Annual Statistics.pdf,3
2019,ward_3,persons,RAPE,,1,2019 Annual Statistics.pdf,3
2019,ward_3,persons,COMMERCIAL ROBBERY,,2,2019 Annual Statistics.pdf,3
2019,ward_3,persons,COMMERCIAL ROBBERY,GUN,1,2019 Annual Statistics.pdf,3
2019,ward_3,persons,COMMERCIAL ROBBERY,KNIFE,0,2019 Annual Statistics.pdf,3
2019,ward_3,persons,COMMERCIAL ROBBERY,OTHER WEAPON,0,2019 Annual Statistics.pdf,3
2019,ward_3,persons,COMMERCIAL ROBBERY,STRONG ARM,1,2019 Annual Statistics.pdf,3
2019,ward_3,persons,CITIZEN ROBBERY,,21,2019 Annual Statistics.pdf,3
2019,ward_3,persons,CITIZEN ROBBERY,GUN,7,2019 Annual Statistics.pdf,3
2019,ward_3,persons,CITIZEN ROBBERY,KNIFE,4,2019 Annual Statistics.pdf,3
2019,ward_3,persons,CITIZEN ROBBERY,OTHER WEAPON,0,2019 Annual Statistics.pdf,3
2019,ward_3,persons,CITIZEN ROBBERY,STRONG ARM,10,2019 Annual Statistics.pdf,3
2019,ward_3,persons,CARJACKING,,0,2019 Annual Statistics.pdf,3
2019,ward_3,persons,ASSAULT,,56,2019 Annual Statistics.pdf,3
2019,ward_3,persons,ASSAULT,GUN,1,2019 Annual Statistics.pdf,3
2019,ward_3,persons,ASSAULT,KNIFE,4,2019 Annual Statistics.pdf,3
2019,ward_3,persons,ASSAULT,OTHER WEAPON,1,2019 Annual Statistics.pdf,3
2019,ward_3,persons,ASSAULT,NO WEAPON,50,2019 Annual Statistics.pdf,3
2019,ward_3,property,B & E RESIDENTIAL,,20,2019 Annual Statistics.pdf,3
2019,ward_3,property,B & E RESIDENTIAL,HOMES,20,2019 Annual Statistics.pdf,3
2019,ward_3,property,B & E RESIDENTIAL,OUTBUILDINGS,0,2019 Annual Statistics.pdf,3
2019,ward_3,property,B & E COMMERCIAL,,6,2019 Annual Statistics.pdf,3
2019,ward_3,property,STOLEN VEHICLE,,22,2019 Annual Statistics.pdf,3
2019,ward_3,property,THEFT,,701,2019 Annual Statistics.pdf,3
2019,ward_3,property,ARSON,,0,2019 Annual Statistics.pdf,3
2019,ward_4,persons,HOMICIDE,,0,2019 Annual Statistics.pdf,3
2019,ward_4,persons,RAPE,,0,2019 Annual Statistics.pdf,3
2019,ward_4,persons,COMMERCIAL ROBBERY,,0,2019 Annual Statistics.pdf,3
2019,ward_4,persons,COMMERCIAL ROBBERY,GUN,0,2019 Annual Statistics.pdf,3
2019,ward_4,persons,COMMERCIAL ROBBERY,KNIFE,0,2019 Annual Statistics.pdf,3
2019,ward_4,persons,COMMERCIAL ROBBERY,OTHER WEAPON,0,2019 Annual Statistics.pdf,3
2019,ward_4,persons,COMMERCIAL ROBBERY,STRONG ARM,0,2019 Annual Statistics.pdf,3
2019,ward_4,persons,CITIZEN ROBBERY,,6,2019 Annual Statistics.pdf,3
2019,ward_4,persons,CITIZEN ROBBERY,GUN,3,2019 Annual Statistics.pdf,3
2019,ward_4,persons,CITIZEN ROBBERY,KNIFE,2,2019 Annual Statistics.pdf,3
2019,ward_4,persons,CITIZEN ROBBERY,OTHER WEAPON,0,2019 Annual Statistics.pdf,3
2019,ward_4,persons,CITIZEN ROBBERY,STRONG ARM,1,2019 Annual Statistics.pdf,3
2019,ward_4,persons,CARJACKING,,1,2019 Annual Statistics.pdf,3
2019,ward_4,persons,ASSAULT,,7,2019 Annual Statistics.pdf,3
2019,ward_4,persons,ASSAULT,GUN,2,2019 Annual Statistics.pdf,3
2019,ward_4,persons,ASSAULT,KNIFE,1,2019 Annual Statistics.pdf,3
2019,ward_4,persons,ASSAULT,OTHER WEAPON,0,2019 Annual Statistics.pdf,3
2019,ward_4,persons,ASSAULT,NO WEAPON,4,2019 Annual Statistics.pdf,3
2019,ward_4,property,B & E RESIDENTIAL,,4,2019 Annual Statistics.pdf,3
2019,ward_4,property,B & E RESIDENTIAL,HOMES,2,2019 Annual Statistics.pdf,3
2019,ward_4,property,B & E RESIDENTIAL,OUTBUILDINGS,2,2019 Annual Statistics.pdf,3
2019,ward_4,property,B & E COMMERCIAL,,0,2019 Annual Statistics.pdf,3
2019,ward_4,property,STOLEN VEHICLE,,8,2019 Annual Statistics.pdf,3
2019,ward_4,property,THEFT,,43,2019 Annual Statistics.pdf,3
2019,ward_4,property,ARSON,,0,2019 Annual Statistics.pdf,3
2019,ward_5,persons,HOMICIDE,,0,2019 Annual Statistics.pdf,3
2019,ward_5,persons,RAPE,,0,2019 Annual Statistics.pdf,3
2019,ward_5,persons,COMMERCIAL ROBBERY,,2,2019 Annual Statistics.pdf,3
2019,ward_5,persons,COMMERCIAL ROBBERY,GUN,1,2019 Annual Statistics.pdf,3
2019,ward_5,persons,COMMERCIAL ROBBERY,KNIFE,0,2019 Annual Statistics.pdf,3
2019,ward_5,persons,COMMERCIAL ROBBERY,OTHER WEAPON,1,2019 Annual Statistics.pdf,3
2019,ward_5,persons,COMMERCIAL ROBBERY,STRONG ARM,0,2019 Annual Statistics.pdf,3
2019,ward_5,persons,CITIZEN ROBBERY,,15,2019 Annual Statistics.pdf,3
2019,ward_5,persons,CITIZEN ROBBERY,GUN,7,2019 Annual Statistics.pdf,3
2019,ward_5,persons,CITIZEN ROBBERY,KNIFE,4,2019 Annual Statistics.pdf,3
2019,ward_5,persons,CITIZEN ROBBERY,OTHER WEAPON,0,2019 Annual Statistics.pdf,3
2019,ward_5,persons,CITIZEN ROBBERY,STRONG ARM,4,2019 Annual Statistics.pdf,3
2019,ward_5,persons,CARJACKING,,1,2019 Annual Statistics.pdf,3
2019,ward_5,persons,ASSAULT,,31,2019 Annual Statistics.pdf,3
2019,ward_5,persons,ASSAULT,GUN,2,2019 Annual Statistics.pdf,3
2019,ward_5,persons,ASSAULT,KNIFE,4,2019 Annual Statistics.pdf,3
2019,ward_5,persons,ASSAULT,OTHER WEAPON,3,2019 Annual Statistics.pdf,3
2019,ward_5,persons,ASSAULT,NO WEAPON,22,2019 Annual Statistics.pdf,3
2019,ward_5,property,B & E RESIDENTIAL,,5,2019 Annual Statistics.pdf,3
2019,ward_5,property,B & E RESIDENTIAL,HOMES,5,2019 Annual Statistics.pdf,3
2019,ward_5,property,B & E RESIDENTIAL,OUTBUILDINGS,0,2019 Annual Statistics.pdf,3
2019,ward_5,property,B & E COMMERCIAL,,2,2019 Annual Statistics.pdf,3
2019,ward_5,property,STOLEN VEHICLE,,15,2019 Annual Statistics.pdf,3
2019,ward_5,property,THEFT,,94,2019 Annual Statistics.pdf,3
2019,ward_5,property,ARSON,,0,2019 Annual Statistics.pdf,3
2020,citywide,persons,HOMICIDE,,1,2020 Annual Statistics.pdf,1
2020,citywide,persons,RAPE,,3,2020 Annual Statistics.pdf,1
2020,citywide,persons,COMMERCIAL ROBBERY,,4,2020 Annual Statistics.pdf,1
2020,citywide,persons,COMMERCIAL ROBBERY,GUN,2,2020 Annual Statistics.pdf,1
2020,citywide,persons,COMMERCIAL ROBBERY,KNIFE,2,2020 Annual Statistics.pdf,1
2020,citywide,persons,COMMERCIAL ROBBERY,OTHER WEAPON,0,2020 Annual Statistics.pdf,1
2020,citywide,persons,COMMERCIAL ROBBERY,STRONG ARM,0,2020 Annual Statistics.pdf,1
2020,citywide,persons,CITIZEN ROBBERY,,40,2020 Annual Statistics.pdf,1
2020,citywide,persons,CITIZEN ROBBERY,GUN,15,2020 Annual Statistics.pdf,1
2020,citywide,persons,CITIZEN ROBBERY,KNIFE,7,2020 Annual Statistics.pdf,1
2020,citywide,persons,CITIZEN ROBBERY,OTHER WEAPON,0,2020 Annual Statistics.pdf,1
2020,citywide,persons,CITIZEN ROBBERY,STRONG ARM,18,2020 Annual Statistics.pdf,1
2020,citywide,persons,CARJACKING,,9,2020 Annual Statistics.pdf,1
2020,citywide,persons,ASSAULT,,100,2020 Annual Statistics.pdf,1
2020,citywide,persons,ASSAULT,GUN,7,2020 Annual Statistics.pdf,1
2020,citywide,persons,ASSAULT,KNIFE,11,2020 Annual Statistics.pdf,1
2020,citywide,persons,ASSAULT,OTHER WEAPON,16,2020 Annual Statistics.pdf,1
2020,citywide,persons,ASSAULT,NO WEAPON,66,2020 Annual Statistics.pdf,1
2020,citywide,property,B & E RESIDENTIAL,,47,2020 Annual Statistics.pdf,1
2020,citywide,property,B & E RESIDENTIAL,HOMES,31,2020 Annual Statistics.pdf,1
2020,citywide,property,B & E RESIDENTIAL,OUTBUILDINGS,16,2020 Annual Statistics.pdf,1
2020,citywide,property,B & E COMMERCIAL,,25,2020 Annual Statistics.pdf,1
2020,citywide,property,STOLEN VEHICLE,,68,2020 Annual Statistics.pdf,1
2020,citywide,property,THEFT,,662,2020 Annual Statistics.pdf,1
2020,citywide,property,ARSON,,1,2020 Annual Statistics.pdf,1
2020,ward_1,persons,HOMICIDE,,0,2020 Annual Statistics.pdf,3
2020,ward_1,persons,RAPE,,0,2020 Annual Statistics.pdf,3
2020,ward_1,persons,COMMERCIAL ROBBERY,,0,2020 Annual Statistics.pdf,3
2020,ward_1,persons,COMMERCIAL ROBBERY,GUN,0,2020 Annual Statistics.pdf,3
2020,ward_1,persons,COMMERCIAL ROBBERY,KNIFE,0,2020 Annual Statistics.pdf,3
2020,ward_1,persons,COMMERCIAL ROBBERY,OTHER WEAPON,0,2020 Annual Statistics.pdf,3
2020,ward_1,persons,COMMERCIAL ROBBERY,STRONG ARM,0,2020 Annual Statistics.pdf,3
2020,ward_1,persons,CITIZEN ROBBERY,,4,2020 Annual Statistics.pdf,3
2020,ward_1,persons,CITIZEN ROBBERY,GUN,2,2020 Annual Statistics.pdf,3
2020,ward_1,persons,CITIZEN ROBBERY,KNIFE,1,2020 Annual Statistics.pdf,3
2020,ward_1,persons,CITIZEN ROBBERY,OTHER WEAPON,0,2020 Annual Statistics.pdf,3
2020,ward_1,persons,CITIZEN ROBBERY,STRONG ARM,1,2020 Annual Statistics.pdf,3
2020,ward_1,persons,CARJACKING,,2,2020 Annual Statistics.pdf,3
2020,ward_1,persons,ASSAULT,,14,2020 Annual Statistics.pdf,3
2020,ward_1,persons,ASSAULT,GUN,0,2020 Annual Statistics.pdf,3
2020,ward_1,persons,ASSAULT,KNIFE,2,2020 Annual Statistics.pdf,3
2020,ward_1,persons,ASSAULT,OTHER WEAPON,4,2020 Annual Statistics.pdf,3
2020,ward_1,persons,ASSAULT,NO WEAPON,8,2020 Annual Statistics.pdf,3
2020,ward_1,property,B & E RESIDENTIAL,,9,2020 Annual Statistics.pdf,3
2020,ward_1,property,B & E RESIDENTIAL,HOMES,7,2020 Annual Statistics.pdf,3
2020,ward_1,property,B & E RESIDENTIAL,OUTBUILDINGS,2,2020 Annual Statistics.pdf,3
2020,ward_1,property,B & E COMMERCIAL,,9,2020 Annual Statistics.pdf,3
2020,ward_1,property,STOLEN VEHICLE,,17,2020 Annual Statistics.pdf,3
2020,ward_1,property,THEFT,,121,2020 Annual Statistics.pdf,3
2020,ward_1,property,ARSON,,1,2020 Annual Statistics.pdf,3
2020,ward_2,persons,HOMICIDE,,0,2020 Annual Statistics.pdf,3
2020,ward_2,persons,RAPE,,0,2020 Annual Statistics.pdf,3
2020,ward_2,persons,COMMERCIAL ROBBERY,,0,2020 Annual Statistics.pdf,3
2020,ward_2,persons,COMMERCIAL ROBBERY,GUN,0,2020 Annual Statistics.pdf,3
2020,ward_2,persons,COMMERCIAL ROBBERY,KNIFE,0,2020 Annual Statistics.pdf,3
2020,ward_2,persons,COMMERCIAL ROBBERY,OTHER WEAPON,0,2020 Annual Statistics.pdf,3
2020,ward_2,persons,COMMERCIAL ROBBERY,STRONG ARM,0,2020 Annual Statistics.pdf,3
2020,ward_2,persons,CITIZEN ROBBERY,,1,2020 Annual Statistics.pdf,3
2020,ward_2,persons,CITIZEN ROBBERY,GUN,1,2020 Annual Statistics.pdf,3
2020,ward_2,persons,CITIZEN ROBBERY,KNIFE,0,2020 Annual Statistics.pdf,3
2020,ward_2,persons,CITIZEN ROBBERY,OTHER WEAPON,0,2020 Annual Statistics.pdf,3
2020,ward_2,persons,CITIZEN ROBBERY,STRONG ARM,0,2020 Annual Statistics.pdf,3
2020,ward_2,persons,CARJACKING,,0,2020 Annual Statistics.pdf,3
2020,ward_2,persons,ASSAULT,,4,2020 Annual Statistics.pdf,3
2020,ward_2,persons,ASSAULT,GUN,1,2020 Annual Statistics.pdf,3
2020,ward_2,persons,ASSAULT,KNIFE,1,2020 Annual Statistics.pdf,3
2020,ward_2,persons,ASSAULT,OTHER WEAPON,0,2020 Annual Statistics.pdf,3
2020,ward_2,persons,ASSAULT,NO WEAPON,2,2020 Annual Statistics.pdf,3
2020,ward_2,property,B & E RESIDENTIAL,,10,2020 Annual Statistics.pdf,3
2020,ward_2,property,B & E RESIDENTIAL,HOMES,7,2020 Annual Statistics.pdf,3
2020,ward_2,property,B & E RESIDENTIAL,OUTBUILDINGS,3,2020 Annual Statistics.pdf,3
2020,ward_2,property,B & E COMMERCIAL,,0,2020 Annual Statistics.pdf,3
2020,ward_2,property,STOLEN VEHICLE,,3,2020 Annual Statistics.pdf,3
2020,ward_2,property,THEFT,,33,2020 Annual Statistics.pdf,3
2020,ward_2,property,ARSON,,0,2020 Annual Statistics.pdf,3
2020,ward_3,persons,HOMICIDE,,0,2020 Annual Statistics.pdf,3
2020,ward_3,persons,RAPE,,2,2020 Annual Statistics.pdf,3
2020,ward_3,persons,COMMERCIAL ROBBERY,,3,2020 Annual Statistics.pdf,3
2020,ward_3,persons,COMMERCIAL ROBBERY,GUN,1,2020 Annual Statistics.pdf,3
2020,ward_3,persons,COMMERCIAL ROBBERY,KNIFE,2,2020 Annual Statistics.pdf,3
2020,ward_3,persons,COMMERCIAL ROBBERY,OTHER WEAPON,0,2020 Annual Statistics.pdf,3
2020,ward_3,persons,COMMERCIAL ROBBERY,STRONG ARM,0,2020 Annual Statistics.pdf,3
2020,ward_3,persons,CITIZEN ROBBERY,,14,2020 Annual Statistics.pdf,3
2020,ward_3,persons,CITIZEN ROBBERY,GUN,5,2020 Annual Statistics.pdf,3
2020,ward_3,persons,CITIZEN ROBBERY,KNIFE,2,2020 Annual Statistics.pdf,3
2020,ward_3,persons,CITIZEN ROBBERY,OTHER WEAPON,0,2020 Annual Statistics.pdf,3
2020,ward_3,persons,CITIZEN ROBBERY,STRONG ARM,7,2020 Annual Statistics.pdf,3
2020,ward_3,persons,CARJACKING,,2,2020 Annual Statistics.pdf,3
2020,ward_3,persons,ASSAULT,,41,2020 Annual Statistics.pdf,3
2020,ward_3,persons,ASSAULT,GUN,3,2020 Annual Statistics.pdf,3
2020,ward_3,persons,ASSAULT,KNIFE,1,2020 Annual Statistics.pdf,3
2020,ward_3,persons,ASSAULT,OTHER WEAPON,5,2020 Annual Statistics.pdf,3
2020,ward_3,persons,ASSAULT,NO WEAPON,32,2020 Annual Statistics.pdf,3
2020,ward_3,property,B & E RESIDENTIAL,,12,2020 Annual Statistics.pdf,3
2020,ward_3,property,B & E RESIDENTIAL,HOMES,7,2020 Annual Statistics.pdf,3
2020,ward_3,property,B & E RESIDENTIAL,OUTBUILDINGS,5,2020 Annual Statistics.pdf,3
2020,ward_3,property,B & E COMMERCIAL,,6,2020 Annual Statistics.pdf,3
2020,ward_3,property,STOLEN VEHICLE,,27,2020 Annual Statistics.pdf,3
2020,ward_3,property,THEFT,,390,2020 Annual Statistics.pdf,3
2020,ward_3,property,ARSON,,0,2020 Annual Statistics.pdf,3
2020,ward_4,persons,HOMICIDE,,0,2020 Annual Statistics.pdf,3
2020,ward_4,persons,RAPE,,0,2020 Annual Statistics.pdf,3
2020,ward_4,persons,COMMERCIAL ROBBERY,,0,2020 Annual Statistics.pdf,3
2020,ward_4,persons,COMMERCIAL ROBBERY,GUN,0,2020 Annual Statistics.pdf,3
2020,ward_4,persons,COMMERCIAL ROBBERY,KNIFE,0,2020 Annual Statistics.pdf,3
2020,ward_4,persons,COMMERCIAL ROBBERY,OTHER WEAPON,0,2020 Annual Statistics.pdf,3
2020,ward_4,persons,COMMERCIAL ROBBERY,STRONG ARM,0,2020 Annual Statistics.pdf,3
2020,ward_4,persons,CITIZEN ROBBERY,,7,2020 Annual Statistics.pdf,3
2020,ward_4,persons,CITIZEN ROBBERY,GUN,4,2020 Annual Statistics.pdf,3
2020,ward_4,persons,CITIZEN ROBBERY,KNIFE,1,2020 Annual Statistics.pdf,3
2020,ward_4,persons,CITIZEN ROBBERY,OTHER WEAPON,0,2020 Annual Statistics.pdf,3
2020,ward_4,persons,CITIZEN ROBBERY,STRONG ARM,2,2020 Annual Statistics.pdf,3
2020,ward_4,persons,CARJACKING,,2,2020 Annual Statistics.pdf,3
2020,ward_4,persons,ASSAULT,,10,2020 Annual Statistics.pdf,3
2020,ward_4,persons,ASSAULT,GUN,2,2020 Annual Statistics.pdf,3
2020,ward_4,persons,ASSAULT,KNIFE,2,2020 Annual Statistics.pdf,3
2020,ward_4,persons,ASSAULT,OTHER WEAPON,2,2020 Annual Statistics.pdf,3
2020,ward_4,persons,ASSAULT,NO WEAPON,4,2020 Annual Statistics.pdf,3
2020,ward_4,property,B & E RESIDENTIAL,,9,2020 Annual Statistics.pdf,3
2020,ward_4,property,B & E RESIDENTIAL,HOMES,6,2020 Annual Statistics.pdf,3
2020,ward_4,property,B & E RESIDENTIAL,OUTBUILDINGS,3,2020 Annual Statistics.pdf,3
2020,ward_4,property,B & E COMMERCIAL,,0,2020 Annual Statistics.pdf,3
2020,ward_4,property,STOLEN VEHICLE,,6,2020 Annual Statistics.pdf,3
2020,ward_4,property,THEFT,,38,2020 Annual Statistics.pdf,3
2020,ward_4,property,ARSON,,0,2020 Annual Statistics.pdf,3
2020,ward_5,persons,HOMICIDE,,1,2020 Annual Statistics.pdf,3
2020,ward_5,persons,RAPE,,1,2020 Annual Statistics.pdf,3
2020,ward_5,persons,COMMERCIAL ROBBERY,,1,2020 Annual Statistics.pdf,3
2020,ward_5,persons,COMMERCIAL ROBBERY,GUN,1,2020 Annual Statistics.pdf,3
2020,ward_5,persons,COMMERCIAL ROBBERY,KNIFE,0,2020 Annual Statistics.pdf,3
2020,ward_5,persons,COMMERCIAL ROBBERY,OTHER WEAPON,0,2020 Annual Statistics.pdf,3
2020,ward_5,persons,COMMERCIAL ROBBERY,STRONG ARM,0,2020 Annual Statistics.pdf,3
2020,ward_5,persons,CITIZEN ROBBERY,,14,2020 Annual Statistics.pdf,3
2020,ward_5,persons,CITIZEN ROBBERY,GUN,3,2020 Annual Statistics.pdf,3
2020,ward_5,persons,CITIZEN ROBBERY,KNIFE,3,2020 Annual Statistics.pdf,3
2020,ward_5,persons,CITIZEN ROBBERY,OTHER WEAPON,0,2020 Annual Statistics.pdf,3
2020,ward_5,persons,CITIZEN ROBBERY,STRONG ARM,8,2020 Annual Statistics.pdf,3
2020,ward_5,persons,CARJACKING,,3,2020 Annual Statistics.pdf,3
2020,ward_5,persons,ASSAULT,,31,2020 Annual Statistics.pdf,3
2020,ward_5,persons,ASSAULT,GUN,1,2020 Annual Statistics.pdf,3
2020,ward_5,persons,ASSAULT,KNIFE,5,2020 Annual Statistics.pdf,3
2020,ward_5,persons,ASSAULT,OTHER WEAPON,5,2020 Annual Statistics.pdf,3
2020,ward_5,persons,ASSAULT,NO WEAPON,20,2020 Annual Statistics.pdf,3
2020,ward_5,property,B & E RESIDENTIAL,,7,2020 Annual Statistics.pdf,3
2020,ward_5,property,B & E RESIDENTIAL,HOMES,4,2020 Annual Statistics.pdf,3
2020,ward_5,property,B & E RESIDENTIAL,OUTBUILDINGS,3,2020 Annual Statistics.pdf,3
2020,ward_5,property,B & E COMMERCIAL,,10,2020 Annual Statistics.pdf,3
2020,ward_5,property,STOLEN VEHICLE,,15,2020 Annual Statistics.pdf,3
2020,ward_5,property,THEFT,,80,2020 Annual Statistics.pdf,3
2020,ward_5,property,ARSON,,0,2020 Annual Statistics.pdf,3
2021,citywide,persons,HOMICIDE,,1,2021 Annual Statistics.pdf,1
2021,citywide,persons,RAPE,,6,2021 Annual Statistics.pdf,1
2021,citywide,persons,COMMERCIAL ROBBERY,,5,2021 Annual Statistics.pdf,1
2021,citywide,persons,COMMERCIAL ROBBERY,GUN,3,2021 Annual Statistics.pdf,1
2021,citywide,persons,COMMERCIAL ROBBERY,KNIFE,1,2021 Annual Statistics.pdf,1
2021,citywide,persons,COMMERCIAL ROBBERY,OTHER WEAPON,0,2021 Annual Statistics.pdf,1
2021,citywide,persons,COMMERCIAL ROBBERY,STRONG ARM,1,2021 Annual Statistics.pdf,1
2021,citywide,persons,CITIZEN ROBBERY,,25,2021 Annual Statistics.pdf,1
2021,citywide,persons,CITIZEN ROBBERY,GUN,12,2021 Annual Statistics.pdf,1
2021,citywide,persons,CITIZEN ROBBERY,KNIFE,5,2021 Annual Statistics.pdf,1
2021,citywide,persons,CITIZEN ROBBERY,OTHER WEAPON,1,2021 Annual Statistics.pdf,1
2021,citywide,persons,CITIZEN ROBBERY,STRONG ARM,7,2021 Annual Statistics.pdf,1
2021,citywide,persons,CARJACKING,,12,2021 Annual Statistics.pdf,1
2021,citywide,persons,ASSAULT,,102,2021 Annual Statistics.pdf,1
2021,citywide,persons,ASSAULT,GUN,12,2021 Annual Statistics.pdf,1
2021,citywide,persons,ASSAULT,KNIFE,16,2021 Annual Statistics.pdf,1
2021,citywide,persons,ASSAULT,OTHER WEAPON,7,2021 Annual Statistics.pdf,1
2021,citywide,persons,ASSAULT,NO WEAPON,67,2021 Annual Statistics.pdf,1
2021,citywide,property,B & E RESIDENTIAL,,18,2021 Annual Statistics.pdf,1
2021,citywide,property,B & E RESIDENTIAL,HOMES,15,2021 Annual Statistics.pdf,1
2021,citywide,property,B & E RESIDENTIAL,OUTBUILDINGS,3,2021 Annual Statistics.pdf,1
2021,citywide,property,B & E COMMERCIAL,,21,2021 Annual Statistics.pdf,1
2021,citywide,property,STOLEN VEHICLE,,90,2021 Annual Statistics.pdf,1
2021,citywide,property,THEFT,,512,2021 Annual Statistics.pdf,1
2021,citywide,property,ARSON,,1,2021 Annual Statistics.pdf,1
2021,ward_1,persons,HOMICIDE,,0,2021 Annual Statistics.pdf,3
2021,ward_1,persons,RAPE,,0,2021 Annual Statistics.pdf,3
2021,ward_1,persons,COMMERCIAL ROBBERY,,1,2021 Annual Statistics.pdf,3
2021,ward_1,persons,COMMERCIAL ROBBERY,GUN,1,2021 Annual Statistics.pdf,3
2021,ward_1,persons,COMMERCIAL ROBBERY,KNIFE,0,2021 Annual Statistics.pdf,3
2021,ward_1,persons,COMMERCIAL ROBBERY,OTHER WEAPON,0,2021 Annual Statistics.pdf,3
2021,ward_1,persons,COMMERCIAL ROBBERY,STRONG ARM,0,2021 Annual Statistics.pdf,3
2021,ward_1,persons,CITIZEN ROBBERY,,2,2021 Annual Statistics.pdf,3
2021,ward_1,persons,CITIZEN ROBBERY,GUN,0,2021 Annual Statistics.pdf,3
2021,ward_1,persons,CITIZEN ROBBERY,KNIFE,2,2021 Annual Statistics.pdf,3
2021,ward_1,persons,CITIZEN ROBBERY,OTHER WEAPON,0,2021 Annual Statistics.pdf,3
2021,ward_1,persons,CITIZEN ROBBERY,STRONG ARM,0,2021 Annual Statistics.pdf,3
2021,ward_1,persons,CARJACKING,,4,2021 Annual Statistics.pdf,3
2021,ward_1,persons,ASSAULT,,10,2021 Annual Statistics.pdf,3
2021,ward_1,persons,ASSAULT,GUN,2,2021 Annual Statistics.pdf,3
2021,ward_1,persons,ASSAULT,KNIFE,2,2021 Annual Statistics.pdf,3
2021,ward_1,persons,ASSAULT,OTHER WEAPON,1,2021 Annual Statistics.pdf,3
2021,ward_1,persons,ASSAULT,NO WEAPON,5,2021 Annual Statistics.pdf,3
2021,ward_1,property,B & E RESIDENTIAL,,2,2021 Annual Statistics.pdf,3
2021,ward_1,property,B & E RESIDENTIAL,HOMES,2,2021 Annual Statistics.pdf,3
2021,ward_1,property,B & E RESIDENTIAL,OUTBUILDINGS,0,2021 Annual Statistics.pdf,3
2021,ward_1,property,B & E COMMERCIAL,,7,2021 Annual Statistics.pdf,3
2021,ward_1,property,STOLEN VEHICLE,,21,2021 Annual Statistics.pdf,3
2021,ward_1,property,THEFT,,97,2021 Annual Statistics.pdf,3
2021,ward_1,property,ARSON,,1,2021 Annual Statistics.pdf,3
2021,ward_2,persons,HOMICIDE,,0,2021 Annual Statistics.pdf,3
2021,ward_2,persons,RAPE,,0,2021 Annual Statistics.pdf,3
2021,ward_2,persons,COMMERCIAL ROBBERY,,0,2021 Annual Statistics.pdf,3
2021,ward_2,persons,COMMERCIAL ROBBERY,GUN,0,2021 Annual Statistics.pdf,3
2021,ward_2,persons,COMMERCIAL ROBBERY,KNIFE,0,2021 Annual Statistics.pdf,3
2021,ward_2,persons,COMMERCIAL ROBBERY,OTHER WEAPON,0,2021 Annual Statistics.pdf,3
2021,ward_2,persons,COMMERCIAL ROBBERY,STRONG ARM,0,2021 Annual Statistics.pdf,3
2021,ward_2,persons,CITIZEN ROBBERY,,2,2021 Annual Statistics.pdf,3
2021,ward_2,persons,CITIZEN ROBBERY,GUN,2,2021 Annual Statistics.pdf,3
2021,ward_2,persons,CITIZEN ROBBERY,KNIFE,0,2021 Annual Statistics.pdf,3
2021,ward_2,persons,CITIZEN ROBBERY,OTHER WEAPON,0,2021 Annual Statistics.pdf,3
2021,ward_2,persons,CITIZEN ROBBERY,STRONG ARM,0,2021 Annual Statistics.pdf,3
2021,ward_2,persons,CARJACKING,,0,2021 Annual Statistics.pdf,3
2021,ward_2,persons,ASSAULT,,7,2021 Annual Statistics.pdf,3
2021,ward_2,persons,ASSAULT,GUN,1,2021 Annual Statistics.pdf,3
2021,ward_2,persons,ASSAULT,KNIFE,3,2021 Annual Statistics.pdf,3
2021,ward_2,persons,ASSAULT,OTHER WEAPON,0,2021 Annual Statistics.pdf,3
2021,ward_2,persons,ASSAULT,NO WEAPON,3,2021 Annual Statistics.pdf,3
2021,ward_2,property,B & E RESIDENTIAL,,1,2021 Annual Statistics.pdf,3
2021,ward_2,property,B & E RESIDENTIAL,HOMES,1,2021 Annual Statistics.pdf,3
2021,ward_2,property,B & E RESIDENTIAL,OUTBUILDINGS,0,2021 Annual Statistics.pdf,3
2021,ward_2,property,B & E COMMERCIAL,,1,2021 Annual Statistics.pdf,3
2021,ward_2,property,STOLEN VEHICLE,,9,2021 Annual Statistics.pdf,3
2021,ward_2,property,THEFT,,14,2021 Annual Statistics.pdf,3
2021,ward_2,property,ARSON,,0,2021 Annual Statistics.pdf,3
2021,ward_3,persons,HOMICIDE,,0,2021 Annual Statistics.pdf,3
2021,ward_3,persons,RAPE,,2,2021 Annual Statistics.pdf,3
2021,ward_3,persons,COMMERCIAL ROBBERY,,2,2021 Annual Statistics.pdf,3
2021,ward_3,persons,COMMERCIAL ROBBERY,GUN,0,2021 Annual Statistics.pdf,3
2021,ward_3,persons,COMMERCIAL ROBBERY,KNIFE,1,2021 Annual Statistics.pdf,3
2021,ward_3,persons,COMMERCIAL ROBBERY,OTHER WEAPON,0,2021 Annual Statistics.pdf,3
2021,ward_3,persons,COMMERCIAL ROBBERY,STRONG ARM,1,2021 Annual Statistics.pdf,3
2021,ward_3,persons,CITIZEN ROBBERY,,15,2021 Annual Statistics.pdf,3
2021,ward_3,persons,CITIZEN ROBBERY,GUN,8,2021 Annual Statistics.pdf,3
2021,ward_3,persons,CITIZEN ROBBERY,KNIFE,1,2021 Annual Statistics.pdf,3
2021,ward_3,persons,CITIZEN ROBBERY,OTHER WEAPON,1,2021 Annual Statistics.pdf,3
2021,ward_3,persons,CITIZEN ROBBERY,STRONG ARM,5,2021 Annual Statistics.pdf,3
2021,ward_3,persons,CARJACKING,,6,2021 Annual Statistics.pdf,3
2021,ward_3,persons,ASSAULT,,40,2021 Annual Statistics.pdf,3
2021,ward_3,persons,ASSAULT,GUN,5,2021 Annual Statistics.pdf,3
2021,ward_3,persons,ASSAULT,KNIFE,6,2021 Annual Statistics.pdf,3
2021,ward_3,persons,ASSAULT,OTHER WEAPON,2,2021 Annual Statistics.pdf,3
2021,ward_3,persons,ASSAULT,NO WEAPON,27,2021 Annual Statistics.pdf,3
2021,ward_3,property,B & E RESIDENTIAL,,6,2021 Annual Statistics.pdf,3
2021,ward_3,property,B & E RESIDENTIAL,HOMES,5,2021 Annual Statistics.pdf,3
2021,ward_3,property,B & E RESIDENTIAL,OUTBUILDINGS,1,2021 Annual Statistics.pdf,3
2021,ward_3,property,B & E COMMERCIAL,,6,2021 Annual Statistics.pdf,3
2021,ward_3,property,STOLEN VEHICLE,,35,2021 Annual Statistics.pdf,3
2021,ward_3,property,THEFT,,316,2021 Annual Statistics.pdf,3
2021,ward_3,property,ARSON,,0,2021 Annual Statistics.pdf,3
2021,ward_4,persons,HOMICIDE,,0,2021 Annual Statistics.pdf,3
2021,ward_4,persons,RAPE,,4,2021 Annual Statistics.pdf,3
2021,ward_4,persons,COMMERCIAL ROBBERY,,0,2021 Annual Statistics.pdf,3
2021,ward_4,persons,COMMERCIAL ROBBERY,GUN,0,2021 Annual Statistics.pdf,3
2021,ward_4,persons,COMMERCIAL ROBBERY,KNIFE,0,2021 Annual Statistics.pdf,3
2021,ward_4,persons,COMMERCIAL ROBBERY,OTHER WEAPON,0,2021 Annual Statistics.pdf,3
2021,ward_4,persons,COMMERCIAL ROBBERY,STRONG ARM,0,2021 Annual Statistics.pdf,3
2021,ward_4,persons,CITIZEN ROBBERY,,1,2021 Annual Statistics.pdf,3
2021,ward_4,persons,CITIZEN ROBBERY,GUN,1,2021 Annual Statistics.pdf,3
2021,ward_4,persons,CITIZEN ROBBERY,KNIFE,0,2021 Annual Statistics.pdf,3
2021,ward_4,persons,CITIZEN ROBBERY,OTHER WEAPON,0,2021 Annual Statistics.pdf,3
2021,ward_4,persons,CITIZEN ROBBERY,STRONG ARM,0,2021 Annual Statistics.pdf,3
2021,ward_4,persons,CARJACKING,,0,2021 Annual Statistics.pdf,3
2021,ward_4,persons,ASSAULT,,16,2021 Annual Statistics.pdf,3
2021,ward_4,persons,ASSAULT,GUN,1,2021 Annual Statistics.pdf,3
2021,ward_4,persons,ASSAULT,KNIFE,0,2021 Annual Statistics.pdf,3
2021,ward_4,persons,ASSAULT,OTHER WEAPON,1,2021 Annual Statistics.pdf,3
2021,ward_4,persons,ASSAULT,NO WEAPON,14,2021 Annual Statistics.pdf,3
2021,ward_4,property,B & E RESIDENTIAL,,5,2021 Annual Statistics.pdf,3
2021,ward_4,property,B & E RESIDENTIAL,HOMES,3,2021 Annual Statistics.pdf,3
2021,ward_4,property,B & E RESIDENTIAL,OUTBUILDINGS,2,2021 Annual Statistics.pdf,3
2021,ward_4,property,B & E COMMERCIAL,,0,2021 Annual Statistics.pdf,3
2021,ward_4,property,STOLEN VEHICLE,,11,2021 Annual Statistics.pdf,3
2021,ward_4,property,THEFT,,18,2021 Annual Statistics.pdf,3
2021,ward_4,property,ARSON,,0,2021 Annual Statistics.pdf,3
2021,ward_5,persons,HOMICIDE,,1,2021 Annual Statistics.pdf,3
2021,ward_5,persons,RAPE,,0,2021 Annual Statistics.pdf,3
2021,ward_5,persons,COMMERCIAL ROBBERY,,2,2021 Annual Statistics.pdf,3
2021,ward_5,persons,COMMERCIAL ROBBERY,GUN,2,2021 Annual Statistics.pdf,3
2021,ward_5,persons,COMMERCIAL ROBBERY,KNIFE,0,2021 Annual Statistics.pdf,3
2021,ward_5,persons,COMMERCIAL ROBBERY,OTHER WEAPON,0,2021 Annual Statistics.pdf,3
2021,ward_5,persons,COMMERCIAL ROBBERY,STRONG ARM,0,2021 Annual Statistics.pdf,3
2021,ward_5,persons,CITIZEN ROBBERY,,5,2021 Annual Statistics.pdf,3
2021,ward_5,persons,CITIZEN ROBBERY,GUN,1,2021 Annual Statistics.pdf,3
2021,ward_5,persons,CITIZEN ROBBERY,KNIFE,2,2021 Annual Statistics.pdf,3
2021,ward_5,persons,CITIZEN ROBBERY,OTHER WEAPON,0,2021 Annual Statistics.pdf,3
2021,ward_5,persons,CITIZEN ROBBERY,STRONG ARM,2,2021 Annual Statistics.pdf,3
2021,ward_5,persons,CARJACKING,,2,2021 Annual Statistics.pdf,3
2021,ward_5,persons,ASSAULT,,29,2021 Annual Statistics.pdf,3
2021,ward_5,persons,ASSAULT,GUN,3,2021 Annual Statistics.pdf,3
2021,ward_5,persons,ASSAULT,KNIFE,5,2021 Annual Statistics.pdf,3
2021,ward_5,persons,ASSAULT,OTHER WEAPON,3,2021 Annual Statistics.pdf,3
2021,ward_5,persons,ASSAULT,NO WEAPON,18,2021 Annual Statistics.pdf,3
2021,ward_5,property,B & E RESIDENTIAL,,4,2021 Annual Statistics.pdf,3
2021,ward_5,property,B & E RESIDENTIAL,HOMES,4,2021 Annual Statistics.pdf,3
2021,ward_5,property,B & E RESIDENTIAL,OUTBUILDINGS,0,2021 Annual Statistics.pdf,3
2021,ward_5,property,B & E COMMERCIAL,,7,2021 Annual Statistics.pdf,3
2021,ward_5,property,STOLEN VEHICLE,,14,2021 Annual Statistics.pdf,3
2021,ward_5,property,THEFT,,67,2021 Annual Statistics.pdf,3
2021,ward_5,property,ARSON,,0,2021 Annual Statistics.pdf,3
2022,citywide,persons,HOMICIDE,,4,2022 ANNUAL STATISTICS.pdf,1
2022,citywide,persons,RAPE,,7,2022 ANNUAL STATISTICS.pdf,1
2022,citywide,persons,COMMERCIAL ROBBERY,,4,2022 ANNUAL STATISTICS.pdf,1
2022,citywide,persons,COMMERCIAL ROBBERY,GUN,2,2022 ANNUAL STATISTICS.pdf,1
2022,citywide,persons,COMMERCIAL ROBBERY,KNIFE,1,2022 ANNUAL STATISTICS.pdf,1
2022,citywide,persons,COMMERCIAL ROBBERY,OTHER WEAPON,0,2022 ANNUAL STATISTICS.pdf,1
2022,citywide,persons,COMMERCIAL ROBBERY,STRONG ARM,1,2022 ANNUAL STATISTICS.pdf,1
2022,citywide,persons,CITIZEN ROBBERY,,34,2022 ANNUAL STATISTICS.pdf,1
2022,citywide,persons,CITIZEN ROBBERY,GUN,9,2022 ANNUAL STATISTICS.pdf,1
2022,citywide,persons,CITIZEN ROBBERY,KNIFE,3,2022 ANNUAL STATISTICS.pdf,1
2022,citywide,persons,CITIZEN ROBBERY,OTHER WEAPON,1,2022 ANNUAL STATISTICS.pdf,1
2022,citywide,persons,CITIZEN ROBBERY,STRONG ARM,21,2022 ANNUAL STATISTICS.pdf,1
2022,citywide,persons,CARJACKING,,13,2022 ANNUAL STATISTICS.pdf,1
2022,citywide,persons,ASSAULT,,148,2022 ANNUAL STATISTICS.pdf,1
2022,citywide,persons,ASSAULT,GUN,19,2022 ANNUAL STATISTICS.pdf,1
2022,citywide,persons,ASSAULT,KNIFE,18,2022 ANNUAL STATISTICS.pdf,1
2022,citywide,persons,ASSAULT,OTHER WEAPON,12,2022 ANNUAL STATISTICS.pdf,1
2022,citywide,persons,ASSAULT,NO WEAPON,99,2022 ANNUAL STATISTICS.pdf,1
2022,citywide,property,B & E RESIDENTIAL,,22,2022 ANNUAL STATISTICS.pdf,1
2022,citywide,property,B & E RESIDENTIAL,HOMES,16,2022 ANNUAL STATISTICS.pdf,1
2022,citywide,property,B & E RESIDENTIAL,OUTBUILDINGS,6,2022 ANNUAL STATISTICS.pdf,1
2022,citywide,property,B & E COMMERCIAL,,39,2022 ANNUAL STATISTICS.pdf,1
2022,citywide,property,STOLEN VEHICLE,,116,2022 ANNUAL STATISTICS.pdf,1
2022,citywide,property,THEFT,,536,2022 ANNUAL STATISTICS.pdf,1
2022,citywide,property,ARSON,,2,2022 ANNUAL STATISTICS.pdf,1
2022,ward_1,persons,HOMICIDE,,1,2022 ANNUAL STATISTICS.pdf,2
2022,ward_1,persons,RAPE,,1,2022 ANNUAL STATISTICS.pdf,2
2022,ward_1,persons,COMMERCIAL ROBBERY,,2,2022 ANNUAL STATISTICS.pdf,2
2022,ward_1,persons,COMMERCIAL ROBBERY,GUN,2,2022 ANNUAL STATISTICS.pdf,2
2022,ward_1,persons,COMMERCIAL ROBBERY,KNIFE,0,2022 ANNUAL STATISTICS.pdf,2
2022,ward_1,persons,COMMERCIAL ROBBERY,OTHER WEAPON,0,2022 ANNUAL STATISTICS.pdf,2
2022,ward_1,persons,COMMERCIAL ROBBERY,STRONG ARM,0,2022 ANNUAL STATISTICS.pdf,2
2022,ward_1,persons,CITIZEN ROBBERY,,4,2022 ANNUAL STATISTICS.pdf,2
2022,ward_1,persons,CITIZEN ROBBERY,GUN,2,2022 ANNUAL STATISTICS.pdf,2
2022,ward_1,persons,CITIZEN ROBBERY,KNIFE,0,2022 ANNUAL STATISTICS.pdf,2
2022,ward_1,persons,CITIZEN ROBBERY,OTHER WEAPON,0,2022 ANNUAL STATISTICS.pdf,2
2022,ward_1,persons,CITIZEN ROBBERY,STRONG ARM,2,2022 ANNUAL STATISTICS.pdf,2
2022,ward_1,persons,CARJACKING,,0,2022 ANNUAL STATISTICS.pdf,2
2022,ward_1,persons,ASSAULT,,12,2022 ANNUAL STATISTICS.pdf,2
2022,ward_1,persons,ASSAULT,GUN,2,2022 ANNUAL STATISTICS.pdf,2
2022,ward_1,persons,ASSAULT,KNIFE,1,2022 ANNUAL STATISTICS.pdf,2
2022,ward_1,persons,ASSAULT,OTHER WEAPON,0,2022 ANNUAL STATISTICS.pdf,2
2022,ward_1,persons,ASSAULT,NO WEAPON,9,2022 ANNUAL STATISTICS.pdf,2
2022,ward_1,property,B & E RESIDENTIAL,,1,2022 ANNUAL STATISTICS.pdf,2
2022,ward_1,property,B & E RESIDENTIAL,HOMES,1,2022 ANNUAL STATISTICS.pdf,2
2022,ward_1,property,B & E RESIDENTIAL,OUTBUILDINGS,0,2022 ANNUAL STATISTICS.pdf,2
2022,ward_1,property,B & E COMMERCIAL,,17,2022 ANNUAL STATISTICS.pdf,2
2022,ward_1,property,STOLEN VEHICLE,,20,2022 ANNUAL STATISTICS.pdf,2
2022,ward_1,property,THEFT,,67,2022 ANNUAL STATISTICS.pdf,2
2022,ward_1,property,ARSON,,0,2022 ANNUAL STATISTICS.pdf,2
2022,ward_2,persons,HOMICIDE,,0,2022 ANNUAL STATISTICS.pdf,2
2022,ward_2,persons,RAPE,,0,2022 ANNUAL STATISTICS.pdf,2
2022,ward_2,persons,COMMERCIAL ROBBERY,,1,2022 ANNUAL STATISTICS.pdf,2
2022,ward_2,persons,COMMERCIAL ROBBERY,GUN,0,2022 ANNUAL STATISTICS.pdf,2
2022,ward_2,persons,COMMERCIAL ROBBERY,KNIFE,0,2022 ANNUAL STATISTICS.pdf,2
2022,ward_2,persons,COMMERCIAL ROBBERY,OTHER WEAPON,0,2022 ANNUAL STATISTICS.pdf,2
2022,ward_2,persons,COMMERCIAL ROBBERY,STRONG ARM,1,2022 ANNUAL STATISTICS.pdf,2
2022,ward_2,persons,CITIZEN ROBBERY,,0,2022 ANNUAL STATISTICS.pdf,2
2022,ward_2,persons,CITIZEN ROBBERY,GUN,0,2022 ANNUAL STATISTICS.pdf,2
2022,ward_2,persons,CITIZEN ROBBERY,KNIFE,0,2022 ANNUAL STATISTICS.pdf,2
2022,ward_2,persons,CITIZEN ROBBERY,OTHER WEAPON,0,2022 ANNUAL STATISTICS.pdf,2
2022,ward_2,persons,CITIZEN ROBBERY,STRONG ARM,0,2022 ANNUAL STATISTICS.pdf,2
2022,ward_2,persons,CARJACKING,,1,2022 ANNUAL STATISTICS.pdf,2
2022,ward_2,persons,ASSAULT,,9,2022 ANNUAL STATISTICS.pdf,2
2022,ward_2,persons,ASSAULT,GUN,0,2022 ANNUAL STATISTICS.pdf,2
2022,ward_2,persons,ASSAULT,KNIFE,0,2022 ANNUAL STATISTICS.pdf,2
2022,ward_2,persons,ASSAULT,OTHER WEAPON,0,2022 ANNUAL STATISTICS.pdf,2
2022,ward_2,persons,ASSAULT,NO WEAPON,9,2022 ANNUAL STATISTICS.pdf,2
2022,ward_2,property,B & E RESIDENTIAL,,7,2022 ANNUAL STATISTICS.pdf,2
2022,ward_2,property,B & E RESIDENTIAL,HOMES,6,2022 ANNUAL STATISTICS.pdf,2
2022,ward_2,property,B & E RESIDENTIAL,OUTBUILDINGS,1,2022 ANNUAL STATISTICS.pdf,2
2022,ward_2,property,B & E COMMERCIAL,,2,2022 ANNUAL STATISTICS.pdf,2
2022,ward_2,property,STOLEN VEHICLE,,7,2022 ANNUAL STATISTICS.pdf,2
2022,ward_2,property,THEFT,,41,2022 ANNUAL STATISTICS.pdf,2
2022,ward_2,property,ARSON,,0,2022 ANNUAL STATISTICS.pdf,2
2022,ward_3,persons,HOMICIDE,,2,2022 ANNUAL STATISTICS.pdf,2
2022,ward_3,persons,RAPE,,3,2022 ANNUAL STATISTICS.pdf,2
2022,ward_3,persons,COMMERCIAL ROBBERY,,1,2022 ANNUAL STATISTICS.pdf,2
2022,ward_3,persons,COMMERCIAL ROBBERY,GUN,0,2022 ANNUAL STATISTICS.pdf,2
2022,ward_3,persons,COMMERCIAL ROBBERY,KNIFE,1,2022 ANNUAL STATISTICS.pdf,2
2022,ward_3,persons,COMMERCIAL ROBBERY,OTHER WEAPON,0,2022 ANNUAL STATISTICS.pdf,2
2022,ward_3,persons,COMMERCIAL ROBBERY,STRONG ARM,0,2022 ANNUAL STATISTICS.pdf,2
2022,ward_3,persons,CITIZEN ROBBERY,,20,2022 ANNUAL STATISTICS.pdf,2
2022,ward_3,persons,CITIZEN ROBBERY,GUN,4,2022 ANNUAL STATISTICS.pdf,2
2022,ward_3,persons,CITIZEN ROBBERY,KNIFE,0,2022 ANNUAL STATISTICS.pdf,2
2022,ward_3,persons,CITIZEN ROBBERY,OTHER WEAPON,0,2022 ANNUAL STATISTICS.pdf,2
2022,ward_3,persons,CITIZEN ROBBERY,STRONG ARM,16,2022 ANNUAL STATISTICS.pdf,2
2022,ward_3,persons,CARJACKING,,5,2022 ANNUAL STATISTICS.pdf,2
2022,ward_3,persons,ASSAULT,,68,2022 ANNUAL STATISTICS.pdf,2
2022,ward_3,persons,ASSAULT,GUN,10,2022 ANNUAL STATISTICS.pdf,2
2022,ward_3,persons,ASSAULT,KNIFE,9,2022 ANNUAL STATISTICS.pdf,2
2022,ward_3,persons,ASSAULT,OTHER WEAPON,5,2022 ANNUAL STATISTICS.pdf,2
2022,ward_3,persons,ASSAULT,NO WEAPON,44,2022 ANNUAL STATISTICS.pdf,2
2022,ward_3,property,B & E RESIDENTIAL,,3,2022 ANNUAL STATISTICS.pdf,2
2022,ward_3,property,B & E RESIDENTIAL,HOMES,0,2022 ANNUAL STATISTICS.pdf,2
2022,ward_3,property,B & E RESIDENTIAL,OUTBUILDINGS,3,2022 ANNUAL STATISTICS.pdf,2
2022,ward_3,property,B & E COMMERCIAL,,10,2022 ANNUAL STATISTICS.pdf,2
2022,ward_3,property,STOLEN VEHICLE,,37,2022 ANNUAL STATISTICS.pdf,2
2022,ward_3,property,THEFT,,287,2022 ANNUAL STATISTICS.pdf,2
2022,ward_3,property,ARSON,,1,2022 ANNUAL STATISTICS.pdf,2
2022,ward_4,persons,HOMICIDE,,1,2022 ANNUAL STATISTICS.pdf,2
2022,ward_4,persons,RAPE,,1,2022 ANNUAL STATISTICS.pdf,2
2022,ward_4,persons,COMMERCIAL ROBBERY,,0,2022 ANNUAL STATISTICS.pdf,2
2022,ward_4,persons,COMMERCIAL ROBBERY,GUN,0,2022 ANNUAL STATISTICS.pdf,2
2022,ward_4,persons,COMMERCIAL ROBBERY,KNIFE,0,2022 ANNUAL STATISTICS.pdf,2
2022,ward_4,persons,COMMERCIAL ROBBERY,OTHER WEAPON,0,2022 ANNUAL STATISTICS.pdf,2
2022,ward_4,persons,COMMERCIAL ROBBERY,STRONG ARM,0,2022 ANNUAL STATISTICS.pdf,2
2022,ward_4,persons,CITIZEN ROBBERY,,1,2022 ANNUAL STATISTICS.pdf,2
2022,ward_4,persons,CITIZEN ROBBERY,GUN,1,2022 ANNUAL STATISTICS.pdf,2
2022,ward_4,persons,CITIZEN ROBBERY,KNIFE,0,2022 ANNUAL STATISTICS.pdf,2
2022,ward_4,persons,CITIZEN ROBBERY,OTHER WEAPON,0,2022 ANNUAL STATISTICS.pdf,2
2022,ward_4,persons,CITIZEN ROBBERY,STRONG ARM,0,2022 ANNUAL STATISTICS.pdf,2
2022,ward_4,persons,CARJACKING,,0,2022 ANNUAL STATISTICS.pdf,2
2022,ward_4,persons,ASSAULT,,11,2022 ANNUAL STATISTICS.pdf,2
2022,ward_4,persons,ASSAULT,GUN,1,2022 ANNUAL STATISTICS.pdf,2
2022,ward_4,persons,ASSAULT,KNIFE,1,2022 ANNUAL STATISTICS.pdf,2
2022,ward_4,persons,ASSAULT,OTHER WEAPON,1,2022 ANNUAL STATISTICS.pdf,2
2022,ward_4,persons,ASSAULT,NO WEAPON,8,2022 ANNUAL STATISTICS.pdf,2
2022,ward_4,property,B & E RESIDENTIAL,,1,2022 ANNUAL STATISTICS.pdf,2
2022,ward_4,property,B & E RESIDENTIAL,HOMES,1,2022 ANNUAL STATISTICS.pdf,2
2022,ward_4,property,B & E RESIDENTIAL,OUTBUILDINGS,0,2022 ANNUAL STATISTICS.pdf,2
2022,ward_4,property,B & E COMMERCIAL,,1,2022 ANNUAL STATISTICS.pdf,2
2022,ward_4,property,STOLEN VEHICLE,,23,2022 ANNUAL STATISTICS.pdf,2
2022,ward_4,property,THEFT,,29,2022 ANNUAL STATISTICS.pdf,2
2022,ward_4,property,ARSON,,1,2022 ANNUAL STATISTICS.pdf,2
2022,ward_5,persons,HOMICIDE,,0,2022 ANNUAL STATISTICS.pdf,2
2022,ward_5,persons,RAPE,,2,2022 ANNUAL STATISTICS.pdf,2
2022,ward_5,persons,COMMERCIAL ROBBERY,,0,2022 ANNUAL STATISTICS.pdf,2
2022,ward_5,persons,COMMERCIAL ROBBERY,GUN,0,2022 ANNUAL STATISTICS.pdf,2
2022,ward_5,persons,COMMERCIAL ROBBERY,KNIFE,0,2022 ANNUAL STATISTICS.pdf,2
2022,ward_5,persons,COMMERCIAL ROBBERY,OTHER WEAPON,0,2022 ANNUAL STATISTICS.pdf,2
2022,ward_5,persons,COMMERCIAL ROBBERY,STRONG ARM,0,2022 ANNUAL STATISTICS.pdf,2
2022,ward_5,persons,CITIZEN ROBBERY,,9,2022 ANNUAL STATISTICS.pdf,2
2022,ward_5,persons,CITIZEN ROBBERY,GUN,2,2022 ANNUAL STATISTICS.pdf,2
2022,ward_5,persons,CITIZEN ROBBERY,KNIFE,5,2022 ANNUAL STATISTICS.pdf,2
2022,ward_5,persons,CITIZEN ROBBERY,OTHER WEAPON,1,2022 ANNUAL STATISTICS.pdf,2
2022,ward_5,persons,CITIZEN ROBBERY,STRONG ARM,3,2022 ANNUAL STATISTICS.pdf,2
2022,ward_5,persons,CARJACKING,,7,2022 ANNUAL STATISTICS.pdf,2
2022,ward_5,persons,ASSAULT,,48,2022 ANNUAL STATISTICS.pdf,2
2022,ward_5,persons,ASSAULT,GUN,6,2022 ANNUAL STATISTICS.pdf,2
2022,ward_5,persons,ASSAULT,KNIFE,7,2022 ANNUAL STATISTICS.pdf,2
2022,ward_5,persons,ASSAULT,OTHER WEAPON,5,2022 ANNUAL STATISTICS.pdf,2
2022,ward_5,persons,ASSAULT,NO WEAPON,30,2022 ANNUAL STATISTICS.pdf,2
2022,ward_5,property,B & E RESIDENTIAL,,10,2022 ANNUAL STATISTICS.pdf,2
2022,ward_5,property,B & E RESIDENTIAL,HOMES,8,2022 ANNUAL STATISTICS.pdf,2
2022,ward_5,property,B & E RESIDENTIAL,OUTBUILDINGS,2,2022 ANNUAL STATISTICS.pdf,2
2022,ward_5,property,B & E COMMERCIAL,,9,2022 ANNUAL STATISTICS.pdf,2
2022,ward_5,property,STOLEN VEHICLE,,29,2022 ANNUAL STATISTICS.pdf,2
2022,ward_5,property,THEFT,,112,2022 ANNUAL STATISTICS.pdf,2
2022,ward_5,property,ARSON,,0,2022 ANNUAL STATISTICS.pdf,2
2023,citywide,persons,HOMICIDE,,3,2023.Annual.pdf,1
2023,citywide,persons,RAPE,,7,2023.Annual.pdf,1
2023,citywide,persons,COMMERCIAL ROBBERY,,26,2023.Annual.pdf,1
2023,citywide,persons,COMMERCIAL ROBBERY,GUN,8,2023.Annual.pdf,1
2023,citywide,persons,COMMERCIAL ROBBERY,KNIFE,5,2023.Annual.pdf,1
2023,citywide,persons,COMMERCIAL ROBBERY,OTHER WEAPON,8,2023.Annual.pdf,1
2023,citywide,persons,COMMERCIAL ROBBERY,STRONG ARM,5,2023.Annual.pdf,1
2023,citywide,persons,CITIZEN ROBBERY,,87,2023.Annual.pdf,1
2023,citywide,persons,CITIZEN ROBBERY,GUN,45,2023.Annual.pdf,1
2023,citywide,persons,CITIZEN ROBBERY,KNIFE,15,2023.Annual.pdf,1
2023,citywide,persons,CITIZEN ROBBERY,OTHER WEAPON,3,2023.Annual.pdf,1
2023,citywide,persons,CITIZEN ROBBERY,STRONG ARM,24,2023.Annual.pdf,1
2023,citywide,persons,CARJACKING,,20,2023.Annual.pdf,1
2023,citywide,persons,ASSAULT,,164,2023.Annual.pdf,1
2023,citywide,persons,ASSAULT,GUN,16,2023.Annual.pdf,1
2023,citywide,persons,ASSAULT,KNIFE,14,2023.Annual.pdf,1
2023,citywide,persons,ASSAULT,OTHER WEAPON,20,2023.Annual.pdf,1
2023,citywide,persons,ASSAULT,NO WEAPON,114,2023.Annual.pdf,1
2023,citywide,property,B & E RESIDENTIAL,,30,2023.Annual.pdf,1
2023,citywide,property,B & E RESIDENTIAL,HOMES,29,2023.Annual.pdf,1
2023,citywide,property,B & E RESIDENTIAL,OUTBUILDINGS,1,2023.Annual.pdf,1
2023,citywide,property,B & E COMMERCIAL,,34,2023.Annual.pdf,1
2023,citywide,property,STOLEN VEHICLE,,314,2023.Annual.pdf,1
2023,citywide,property,THEFT,,562,2023.Annual.pdf,1
2023,citywide,property,ARSON,,3,2023.Annual.pdf,1
2024,citywide,persons,HOMICIDE,,1,2024.Annual.pdf,1
2024,citywide,persons,RAPE,,5,2024.Annual.pdf,1
2024,citywide,persons,COMMERCIAL ROBBERY,,29,2024.Annual.pdf,1
2024,citywide,persons,COMMERCIAL ROBBERY,GUN,11,2024.Annual.pdf,1
2024,citywide,persons,COMMERCIAL ROBBERY,KNIFE,5,2024.Annual.pdf,1
2024,citywide,persons,COMMERCIAL ROBBERY,OTHER WEAPON,3,2024.Annual.pdf,1
2024,citywide,persons,COMMERCIAL ROBBERY,STRONG ARM,10,2024.Annual.pdf,1
2024,citywide,persons,CITIZEN ROBBERY,,43,2024.Annual.pdf,1
2024,citywide,persons,CITIZEN ROBBERY,GUN,28,2024.Annual.pdf,1
2024,citywide,persons,CITIZEN ROBBERY,KNIFE,5,2024.Annual.pdf,1
2024,citywide,persons,CITIZEN ROBBERY,OTHER WEAPON,0,2024.Annual.pdf,1
2024,citywide,persons,CITIZEN ROBBERY,STRONG ARM,10,2024.Annual.pdf,1
2024,citywide,persons,CARJACKING,,4,2024.Annual.pdf,1
2024,citywide,persons,ASSAULT,,143,2024.Annual.pdf,1
2024,citywide,persons,ASSAULT,GUN,15,2024.Annual.pdf,1
2024,citywide,persons,ASSAULT,KNIFE,4,2024.Annual.pdf,1
2024,citywide,persons,ASSAULT,OTHER WEAPON,16,2024.Annual.pdf,1
2024,citywide,persons,ASSAULT,NO WEAPON,108,2024.Annual.pdf,1
2024,citywide,property,B & E RESIDENTIAL,,25,2024.Annual.pdf,1
2024,citywide,property,B & E RESIDENTIAL,HOMES,18,2024.Annual.pdf,1
2024,citywide,property,B & E RESIDENTIAL,OUTBUILDINGS,7,2024.Annual.pdf,1
2024,citywide,property,B & E COMMERCIAL,,38,2024.Annual.pdf,1
2024,citywide,property,STOLEN VEHICLE,,158,2024.Annual.pdf,1
2024,citywide,property,THEFT,,464,2024.Annual.pdf,1
2024,citywide,property,ARSON,,0,2024.Annual.pdf,1
2025,citywide,persons,HOMICIDE,,0,2025.Annual.pdf,1
2025,citywide,persons,RAPE,,6,2025.Annual.pdf,1
2025,citywide,persons,COMMERCIAL ROBBERY,,15,2025.Annual.pdf,1
2025,citywide,persons,COMMERCIAL ROBBERY,GUN,5,2025.Annual.pdf,1
2025,citywide,persons,COMMERCIAL ROBBERY,KNIFE,2,2025.Annual.pdf,1
2025,citywide,persons,COMMERCIAL ROBBERY,OTHER WEAPON,1,2025.Annual.pdf,1
2025,citywide,persons,COMMERCIAL ROBBERY,STRONG ARM,7,2025.Annual.pdf,1
2025,citywide,persons,CITIZEN ROBBERY,,31,2025.Annual.pdf,1
2025,citywide,persons,CITIZEN ROBBERY,GUN,8,2025.Annual.pdf,1
2025,citywide,persons,CITIZEN ROBBERY,KNIFE,3,2025.Annual.pdf,1
2025,citywide,persons,CITIZEN ROBBERY,OTHER WEAPON,2,2025.Annual.pdf,1
2025,citywide,persons,CITIZEN ROBBERY,STRONG ARM,18,2025.Annual.pdf,1
2025,citywide,persons,CARJACKING,,4,2025.Annual.pdf,1
2025,citywide,persons,ASSAULT,,132,2025.Annual.pdf,1
2025,citywide,persons,ASSAULT,GUN,9,2025.Annual.pdf,1
2025,citywide,persons,ASSAULT,KNIFE,13,2025.Annual.pdf,1
2025,citywide,persons,ASSAULT,OTHER WEAPON,10,2025.Annual.pdf,1
2025,citywide,persons,ASSAULT,NO WEAPON,100,2025.Annual.pdf,1
2025,citywide,property,B & E RESIDENTIAL,,27,2025.Annual.pdf,1
2025,citywide,property,B & E RESIDENTIAL,HOMES,21,2025.Annual.pdf,1
2025,citywide,property,B & E RESIDENTIAL,OUTBUILDINGS,6,2025.Annual.pdf,1
2025,citywide,property,B & E COMMERCIAL,,36,2025.Annual.pdf,1
2025,citywide,property,STOLEN VEHICLE,,116,2025.Annual.pdf,1
2025,citywide,property,THEFT,,596,2025.Annual.pdf,1
2025,citywide,property,ARSON,,2,2025.Annual.pdf,1
2025,ward_1,persons,HOMICIDE,,0,2025.Annual.pdf,2
2025,ward_1,persons,RAPE,,0,2025.Annual.pdf,2
2025,ward_1,persons,COMMERCIAL ROBBERY,,2,2025.Annual.pdf,2
2025,ward_1,persons,COMMERCIAL ROBBERY,GUN,1,2025.Annual.pdf,2
2025,ward_1,persons,COMMERCIAL ROBBERY,KNIFE,0,2025.Annual.pdf,2
2025,ward_1,persons,COMMERCIAL ROBBERY,OTHER WEAPON,0,2025.Annual.pdf,2
2025,ward_1,persons,COMMERCIAL ROBBERY,STRONG ARM,1,2025.Annual.pdf,2
2025,ward_1,persons,CITIZEN ROBBERY,,3,2025.Annual.pdf,2
2025,ward_1,persons,CITIZEN ROBBERY,GUN,0,2025.Annual.pdf,2
2025,ward_1,persons,CITIZEN ROBBERY,KNIFE,0,2025.Annual.pdf,2
2025,ward_1,persons,CITIZEN ROBBERY,OTHER WEAPON,0,2025.Annual.pdf,2
2025,ward_1,persons,CITIZEN ROBBERY,STRONG ARM,3,2025.Annual.pdf,2
2025,ward_1,persons,CARJACKING,,1,2025.Annual.pdf,2
2025,ward_1,persons,ASSAULT,,16,2025.Annual.pdf,2
2025,ward_1,persons,ASSAULT,GUN,1,2025.Annual.pdf,2
2025,ward_1,persons,ASSAULT,KNIFE,3,2025.Annual.pdf,2
2025,ward_1,persons,ASSAULT,OTHER WEAPON,1,2025.Annual.pdf,2
2025,ward_1,persons,ASSAULT,NO WEAPON,11,2025.Annual.pdf,2
2025,ward_1,property,B & E RESIDENTIAL,,4,2025.Annual.pdf,2
2025,ward_1,property,B & E RESIDENTIAL,HOMES,4,2025.Annual.pdf,2
2025,ward_1,property,B & E RESIDENTIAL,OUTBUILDINGS,0,2025.Annual.pdf,2
2025,ward_1,property,B & E COMMERCIAL,,9,2025.Annual.pdf,2
2025,ward_1,property,STOLEN VEHICLE,,15,2025.Annual.pdf,2
2025,ward_1,property,THEFT,,56,2025.Annual.pdf,2
2025,ward_1,property,ARSON,,0,2025.Annual.pdf,2
2025,ward_2,persons,HOMICIDE,,0,2025.Annual.pdf,2
2025,ward_2,persons,RAPE,,2,2025.Annual.pdf,2
2025,ward_2,persons,COMMERCIAL ROBBERY,,0,2025.Annual.pdf,2
2025,ward_2,persons,COMMERCIAL ROBBERY,GUN,0,2025.Annual.pdf,2
2025,ward_2,persons,COMMERCIAL ROBBERY,KNIFE,0,2025.Annual.pdf,2
2025,ward_2,persons,COMMERCIAL ROBBERY,OTHER WEAPON,0,2025.Annual.pdf,2
2025,ward_2,persons,COMMERCIAL ROBBERY,STRONG ARM,0,2025.Annual.pdf,2
2025,ward_2,persons,CITIZEN ROBBERY,,2,2025.Annual.pdf,2
2025,ward_2,persons,CITIZEN ROBBERY,GUN,1,2025.Annual.pdf,2
2025,ward_2,persons,CITIZEN ROBBERY,KNIFE,0,2025.Annual.pdf,2
2025,ward_2,persons,CITIZEN ROBBERY,OTHER WEAPON,0,2025.Annual.pdf,2
2025,ward_2,persons,CITIZEN ROBBERY,STRONG ARM,1,2025.Annual.pdf,2
2025,ward_2,persons,CARJACKING,,1,2025.Annual.pdf,2
2025,ward_2,persons,ASSAULT,,17,2025.Annual.pdf,2
2025,ward_2,persons,ASSAULT,GUN,3,2025.Annual.pdf,2
2025,ward_2,persons,ASSAULT,KNIFE,1,2025.Annual.pdf,2
2025,ward_2,persons,ASSAULT,OTHER WEAPON,3,2025.Annual.pdf,2
2025,ward_2,persons,ASSAULT,NO WEAPON,10,2025.Annual.pdf,2
2025,ward_2,property,B & E RESIDENTIAL,,5,2025.Annual.pdf,2
2025,ward_2,property,B & E RESIDENTIAL,HOMES,3,2025.Annual.pdf,2
2025,ward_2,property,B & E RESIDENTIAL,OUTBUILDINGS,2,2025.Annual.pdf,2
2025,ward_2,property,B & E COMMERCIAL,,4,2025.Annual.pdf,2
2025,ward_2,property,STOLEN VEHICLE,,16,2025.Annual.pdf,2
2025,ward_2,property,THEFT,,58,2025.Annual.pdf,2
2025,ward_2,property,ARSON,,0,2025.Annual.pdf,2
2025,ward_3,persons,HOMICIDE,,0,2025.Annual.pdf,2
2025,ward_3,persons,RAPE,,1,2025.Annual.pdf,2
2025,ward_3,persons,COMMERCIAL ROBBERY,,12,2025.Annual.pdf,2
2025,ward_3,persons,COMMERCIAL ROBBERY,GUN,4,2025.Annual.pdf,2
2025,ward_3,persons,COMMERCIAL ROBBERY,KNIFE,2,2025.Annual.pdf,2
2025,ward_3,persons,COMMERCIAL ROBBERY,OTHER WEAPON,1,2025.Annual.pdf,2
2025,ward_3,persons,COMMERCIAL ROBBERY,STRONG ARM,5,2025.Annual.pdf,2
2025,ward_3,persons,CITIZEN ROBBERY,,14,2025.Annual.pdf,2
2025,ward_3,persons,CITIZEN ROBBERY,GUN,3,2025.Annual.pdf,2
2025,ward_3,persons,CITIZEN ROBBERY,KNIFE,1,2025.Annual.pdf,2
2025,ward_3,persons,CITIZEN ROBBERY,OTHER WEAPON,1,2025.Annual.pdf,2
2025,ward_3,persons,CITIZEN ROBBERY,STRONG ARM,9,2025.Annual.pdf,2
2025,ward_3,persons,CARJACKING,,0,2025.Annual.pdf,2
2025,ward_3,persons,ASSAULT,,60,2025.Annual.pdf,2
2025,ward_3,persons,ASSAULT,GUN,4,2025.Annual.pdf,2
2025,ward_3,persons,ASSAULT,KNIFE,3,2025.Annual.pdf,2
2025,ward_3,persons,ASSAULT,OTHER WEAPON,2,2025.Annual.pdf,2
2025,ward_3,persons,ASSAULT,NO WEAPON,51,2025.Annual.pdf,2
2025,ward_3,property,B & E RESIDENTIAL,,3,2025.Annual.pdf,2
2025,ward_3,property,B & E RESIDENTIAL,HOMES,2,2025.Annual.pdf,2
2025,ward_3,property,B & E RESIDENTIAL,OUTBUILDINGS,1,2025.Annual.pdf,2
2025,ward_3,property,B & E COMMERCIAL,,17,2025.Annual.pdf,2
2025,ward_3,property,STOLEN VEHICLE,,49,2025.Annual.pdf,2
2025,ward_3,property,THEFT,,408,2025.Annual.pdf,2
2025,ward_3,property,ARSON,,2,2025.Annual.pdf,2
2025,ward_4,persons,HOMICIDE,,0,2025.Annual.pdf,2
2025,ward_4,persons,RAPE,,1,2025.Annual.pdf,2
2025,ward_4,persons,COMMERCIAL ROBBERY,,0,2025.Annual.pdf,2
2025,ward_4,persons,COMMERCIAL ROBBERY,GUN,0,2025.Annual.pdf,2
2025,ward_4,persons,COMMERCIAL ROBBERY,KNIFE,0,2025.Annual.pdf,2
2025,ward_4,persons,COMMERCIAL ROBBERY,OTHER WEAPON,0,2025.Annual.pdf,2
2025,ward_4,persons,COMMERCIAL ROBBERY,STRONG ARM,0,2025.Annual.pdf,2
2025,ward_4,persons,CITIZEN ROBBERY,,4,2025.Annual.pdf,2
2025,ward_4,persons,CITIZEN ROBBERY,GUN,1,2025.Annual.pdf,2
2025,ward_4,persons,CITIZEN ROBBERY,KNIFE,1,2025.Annual.pdf,2
2025,ward_4,persons,CITIZEN ROBBERY,OTHER WEAPON,0,2025.Annual.pdf,2
2025,ward_4,persons,CITIZEN ROBBERY,STRONG ARM,2,2025.Annual.pdf,2
2025,ward_4,persons,CARJACKING,,1,2025.Annual.pdf,2
2025,ward_4,persons,ASSAULT,,14,2025.Annual.pdf,2
2025,ward_4,persons,ASSAULT,GUN,1,2025.Annual.pdf,2
2025,ward_4,persons,ASSAULT,KNIFE,1,2025.Annual.pdf,2
2025,ward_4,persons,ASSAULT,OTHER WEAPON,1,2025.Annual.pdf,2
2025,ward_4,persons,ASSAULT,NO WEAPON,11,2025.Annual.pdf,2
2025,ward_4,property,B & E RESIDENTIAL,,8,2025.Annual.pdf,2
2025,ward_4,property,B & E RESIDENTIAL,HOMES,8,2025.Annual.pdf,2
2025,ward_4,property,B & E RESIDENTIAL,OUTBUILDINGS,0,2025.Annual.pdf,2
2025,ward_4,property,B & E COMMERCIAL,,1,2025.Annual.pdf,2
2025,ward_4,property,STOLEN VEHICLE,,18,2025.Annual.pdf,2
2025,ward_4,property,THEFT,,32,2025.Annual.pdf,2
2025,ward_4,property,ARSON,,0,2025.Annual.pdf,2
2025,ward_5,persons,HOMICIDE,,0,2025.Annual.pdf,2
2025,ward_5,persons,RAPE,,2,2025.Annual.pdf,2
2025,ward_5,persons,COMMERCIAL ROBBERY,,1,2025.Annual.pdf,2
2025,ward_5,persons,COMMERCIAL ROBBERY,GUN,0,2025.Annual.pdf,2
2025,ward_5,persons,COMMERCIAL ROBBERY,KNIFE,0,2025.Annual.pdf,2
2025,ward_5,persons,COMMERCIAL ROBBERY,OTHER WEAPON,0,2025.Annual.pdf,2
2025,ward_5,persons,COMMERCIAL ROBBERY,STRONG ARM,1,2025.Annual.pdf,2
2025,ward_5,persons,CITIZEN ROBBERY,,8,2025.Annual.pdf,2
2025,ward_5,persons,CITIZEN ROBBERY,GUN,3,2025.Annual.pdf,2
2025,ward_5,persons,CITIZEN ROBBERY,KNIFE,1,2025.Annual.pdf,2
2025,ward_5,persons,CITIZEN ROBBERY,OTHER WEAPON,1,2025.Annual.pdf,2
2025,ward_5,persons,CITIZEN ROBBERY,STRONG ARM,3,2025.Annual.pdf,2
2025,ward_5,persons,CARJACKING,,1,2025.Annual.pdf,2
2025,ward_5,persons,ASSAULT,,25,2025.Annual.pdf,2
2025,ward_5,persons,ASSAULT,GUN,0,2025.Annual.pdf,2
2025,ward_5,persons,ASSAULT,KNIFE,5,2025.Annual.pdf,2
2025,ward_5,persons,ASSAULT,OTHER WEAPON,3,2025.Annual.pdf,2
2025,ward_5,persons,ASSAULT,NO WEAPON,17,2025.Annual.pdf,2
2025,ward_5,property,B & E RESIDENTIAL,,7,2025.Annual.pdf,2
2025,ward_5,property,B & E RESIDENTIAL,HOMES,4,2025.Annual.pdf,2
2025,ward_5,property,B & E RESIDENTIAL,OUTBUILDINGS,3,2025.Annual.pdf,2
2025,ward_5,property,B & E COMMERCIAL,,5,2025.Annual.pdf,2
2025,ward_5,property,STOLEN VEHICLE,,18,2025.Annual.pdf,2
2025,ward_5,property,THEFT,,42,2025.Annual.pdf,2
2025,ward_5,property,ARSON,,0,2025.Annual.pdf,2
