year,geography,measure,count,source_file,page
2015,citywide,persons,179,2015 ANNUAL STATISTICS.pdf,1
2015,citywide,property,1039,2015 ANNUAL STATISTICS.pdf,1
2015,citywide,total,1218,2015 ANNUAL STATISTICS.pdf,1
2015,ward_1,total,150,2015 ANNUAL STATISTICS.pdf,3
2015,ward_2,total,68,2015 ANNUAL STATISTICS.pdf,3
2015,ward_3,total,742,2015 ANNUAL STATISTICS.pdf,3
2015,ward_4,total,103,2015 ANNUAL STATISTICS.pdf,3
2015,ward_5,total,155,2015 ANNUAL STATISTICS.pdf,3
2016,citywide,persons,209,2016 Annual Statistics.pdf,1
2016,citywide,property,1023,2016 Annual Statistics.pdf,1
2016,citywide,total,1232,2016 Annual Statistics.pdf,1
2016,ward_1,total,163,2016 Annual Statistics.pdf,3
2016,ward_2,total,67,2016 Annual Statistics.pdf,3
2016,ward_3,total,753,2016 Annual Statistics.pdf,3
2016,ward_4,total,94,2016 Annual Statistics.pdf,3
2016,ward_5,total,155,2016 Annual Statistics.pdf,3
2017,citywide,persons,185,2017 Annual Statistics.pdf,1
2017,citywide,property,1020,2017 Annual Statistics.pdf,1
2017,citywide,total,1205,2017 Annual Statistics.pdf,1
2017,ward_1,total,155,2017 Annual Statistics.pdf,3
2017,ward_2,total,61,2017 Annual Statistics.pdf,3
2017,ward_3,total,757,2017 Annual Statistics.pdf,3
2017,ward_4,total,86,2017 Annual Statistics.pdf,3
2017,ward_5,total,146,2017 Annual Statistics.pdf,3
2018,citywide,persons,138,2018 Annual Statistics.pdf,1
2018,citywide,property,927,2018 Annual Statistics.pdf,1
2018,citywide,total,1065,2018 Annual Statistics.pdf,1
2018,ward_1,total,131,2018 Annual Statistics.pdf,3
2018,ward_2,total,61,2018 Annual Statistics.pdf,3
2018,ward_3,total,652,2018 Annual Statistics.pdf,3
2018,ward_4,total,56,2018 Annual Statistics.pdf,3
2018,ward_5,total,165,2018 Annual Statistics.pdf,3
2019,citywide,persons,177,2019 Annual Statistics.pdf,1
2019,citywide,property,1111,2019 Annual Statistics.pdf,1
2019,citywide,total,1288,2019 Annual Statistics.pdf,1
2019,ward_1,total,163,2019 Annual Statistics.pdf,3
2019,ward_2,total,61,2019 Annual Statistics.pdf,3
2019,ward_3,total,830,2019 Annual Statistics.pdf,3
2019,ward_4,total,69,2019 Annual Statistics.pdf,3
2019,ward_5,total,165,2019 Annual Statistics.pdf,3
2020,citywide,persons,157,2020 Annual Statistics.pdf,1
2020,citywide,property,803,2020 Annual Statistics.pdf,1
2020,citywide,total,960,2020 Annual Statistics.pdf,1
2020,ward_1,total,177,2020 Annual Statistics.pdf,3
2020,ward_2,total,51,2020 Annual Statistics.pdf,3
2020,ward_3,total,497,2020 Annual Statistics.pdf,3
2020,ward_4,total,72,2020 Annual Statistics.pdf,3
2020,ward_5,total,163,2020 Annual Statistics.pdf,3
2021,citywide,persons,151,2021 Annual Statistics.pdf,1
2021,citywide,property,642,2021 Annual Statistics.pdf,1
2021,citywide,total,793,2021 Annual Statistics.pdf,1
2021,ward_1,total,145,2021 Annual Statistics.pdf,3
2021,ward_2,total,34,2021 Annual Statistics.pdf,3
2021,ward_3,total,428,2021 Annual Statistics.pdf,3
2021,ward_4,total,55,2021 Annual Statistics.pdf,3
2021,ward_5,total,131,2021 Annual Statistics.pdf,3
2022,citywide,persons,210,2022 ANNUAL STATISTICS.pdf,1
2022,citywide,property,715,2022 ANNUAL STATISTICS.pdf,1
2022,citywide,total,925,2022 ANNUAL STATISTICS.pdf,1
2022,ward_1,total,125,2022 ANNUAL STATISTICS.pdf,2
2022,ward_2,total,68,2022 ANNUAL STATISTICS.pdf,2
2022,ward_3,total,437,2022 ANNUAL STATISTICS.pdf,2
2022,ward_4,total,69,2022 ANNUAL STATISTICS.pdf,2
2022,ward_5,total,226,2022 ANNUAL STATISTICS.pdf,2
2023,citywide,persons,307,2023.Annual.pdf,1
2023,citywide,property,943,2023.Annual.pdf,1
2023,citywide,total,1250,2023.Annual.pdf,1
2024,citywide,persons,225,2024.Annual.pdf,1
2024,citywide,property,685,2024.Annual.pdf,1
2024,citywide,total,910,2024.Annual.pdf,1
2025,citywide,persons,188,2025.Annual.pdf,1
2025,citywide,property,777,2025.Annual.pdf,1
2025,citywide,total,965,2025.Annual.pdf,1
2025,ward_1,total,106,2025.Annual.pdf,2
2025,ward_2,total,105,2025.Annual.pdf,2
2025,ward_3,total,566,2025.Annual.pdf,2
2025,ward_4,total,79,2025.Annual.pdf,2
2025,ward_5,total,109,2025.Annual.pdf,2
