offense,subtype,prior,current,reported_pct
HOMICIDE,,0,4,400.00
RAPE,,3,3,0.00
COMMERCIAL ROBBERY,,1,4,300.00
COMMERCIAL ROBBERY,GUN,0,2,200.00
COMMERCIAL ROBBERY,KNIFE,0,0,0.00
COMMERCIAL ROBBERY,OTHER WEAPON,0,1,100.00
COMMERCIAL ROBBERY,STRONG ARM,1,1,0.00
CITIZEN ROBBERY,,48,48,0.00
CITIZEN ROBBERY,GUN,16,19,18.75
CITIZEN ROBBERY,KNIFE,7,10,42.86
CITIZEN ROBBERY,OTHER WEAPON,2,0,-200.00
CITIZEN ROBBERY,STRONG ARM,23,19,-17.39
CARJACKING,,1,2,100.00
ASSAULT,,85,116,36.47
ASSAULT,GUN,8,8,0.00
ASSAULT,KNIFE,11,11,0.00
ASSAULT,OTHER WEAPON,8,6,-25.00
ASSAULT,NO WEAPON,58,91,56.90
B & E RESIDENTIAL,,35,42,20.00
B & E RESIDENTIAL,HOMES,31,37,19.35
B & E RESIDENTIAL,OUTBUILDINGS,4,5,25.00
B & E COMMERCIAL,,14,12,-14.29
STOLEN VEHICLE,,60,61,1.67
THEFT,,818,996,21.76
ARSON,,0,0,0.00
SUBTOTAL_PERSONS,,138,177,28.26
SUBTOTAL_PROPERTY,,927,1111,19.85
TOTAL,,1065,1288,20.94
CALLS_FOR_SERVICE,,23859,26679,11.82
