data_year,offense,subtype,ward_1,ward_2,ward_3,ward_4,ward_5,total
2020,HOMICIDE,,0,0,0,0,1,1
2020,RAPE,,0,0,2,0,1,3
2020,COMMERCIAL ROBBERY,,0,0,3,0,1,4
2020,COMMERCIAL ROBBERY,GUN,0,0,1,0,1,2
2020,COMMERCIAL ROBBERY,KNIFE,0,0,2,0,0,2
2020,COMMERCIAL ROBBERY,OTHER WEAPON,0,0,0,0,0,0
2020,COMMERCIAL ROBBERY,STRONG ARM,0,0,0,0,0,0
2020,CITIZEN ROBBERY,,4,1,14,7,14,40
2020,CITIZEN ROBBERY,GUN,2,1,5,4,3,15
2020,CITIZEN ROBBERY,KNIFE,1,0,2,1,3,7
2020,CITIZEN ROBBERY,OTHER WEAPON,0,0,0,0,0,0
2020,CITIZEN ROBBERY,STRONG ARM,1,0,7,2,8,18
2020,CARJACKING,,2,0,2,2,3,9
2020,ASSAULT,,14,4,41,10,31,100
2020,ASSAULT,GUN,0,1,3,2,1,7
2020,ASSAULT,KNIFE,2,1,1,2,5,11
2020,ASSAULT,OTHER WEAPON,4,0,5,2,5,16
2020,ASSAULT,NO WEAPON,8,2,32,4,20,66
2020,B & E RESIDENTIAL,,9,10,12,9,7,47
2020,B & E RESIDENTIAL,HOMES,7,7,7,6,4,31
2020,B & E RESIDENTIAL,OUTBUILDINGS,2,3,5,3,3,16
2020,B & E COMMERCIAL,,9,0,6,0,10,25
2020,STOLEN VEHICLE,,17,3,27,6,15,68
2020,THEFT,,121,33,390,38,80,662
2020,ARSON,,1,0,0,0,0,1
2020,TOTAL,,177,51,497,72,163,960
